id,strain,agouti,group,sex,CACNA1C,d50bw,pctdurlight,d1totalactivity,d1centerdur,d2totalactivity,d3.d2totalactivity,immobdur,ppibox,startle
55001,CBA,a,CAC1,F,WT,18.5,41.5,5567,183,5629,4200,85.1,1,41.7
55002,CBA,a,CAC1,F,WT,18.8,27,8251,220,7674,6919,37.8,2,93.2
55003,C58,b,CAC1,M,HET,29.4,48.4,6178,272,4211,11574,12.6,3,46.8
55004,C58,b,CAC1,M,WT,27.1,45.5,11245,272,5579,12809,32.4,4,15.3
55005,BTBR,b,CAC1,M,WT,34.4,47.3,5589,29,3745,15587,76.5,5,34
55006,BTBR,b,CAC1,M,HET,35.8,32,2504,3,1827,-731,10.8,1,20.2
55007,BTBR,b,CAC1,M,HET,38.7,29.6,6786,44,3582,1176,51.7,2,14
55008,BTBR,b,CAC1,F,HET,24,36.4,5968,196,5139,4170,31.4,3,67
55009,BTBR,b,CAC1,F,HET,24,68.7,2222,6,2592,2495,21,4,48
55010,BTBR,b,CAC1,F,WT,23,37.9,8748,158,5327,8192,25.7,5,53.6
55011,129,a,CAC1,M,WT,22,39.6,4636,76,2573,9701,20.6,1,85.8
55012,129,a,CAC1,M,WT,23.9,48.1,5079,170,4004,9755,26.5,2,118.9
55013,129,a,CAC1,M,HET,23.5,55.7,3467,52,1319,1583,74.9,3,91.8
55014,129,a,CAC1,F,HET,20,26,1936,9,1071,-250,122.9,4,36.1
55015,129,a,CAC1,F,WT,19.1,35.5,2946,38,2337,2624,49.2,5,NA
55016,129,a,CAC1,F,HET,19.2,35,842,4,630,1719,69.3,1,16.2
55017,129,a,CAC1,F,HET,18.3,39.2,1461,3,623,-172,121.9,2,57.1
55018,129,a,CAC1,F,WT,20.7,40.1,4942,30,3130,4963,66.6,3,163.6
55019,BALB,a,CAC1,M,HET,27.8,22.4,5875,95,5565,7643,10.3,4,27.5
55020,BALB,a,CAC1,M,HET,28,23.6,2245,4,963,1817,6.7,5,31.1
55021,BALB,a,CAC1,F,HET,20,27.6,2327,0,1113,NA,56.8,1,9
55022,BALB,a,CAC1,F,HET,21,28.1,3123,184,4046,NA,17.4,2,10.8
55023,BALB,a,CAC1,F,WT,19.5,26.1,4544,84,3574,18834,11.4,3,28.8
55024,BALB,a,CAC1,F,WT,20.2,41.2,2464,13,3076,12465,77.7,4,17.3
55025,PL,a,CAC1,M,HET,26.1,49.5,3524,151,2884,4218,3.2,5,20
55026,PL,a,CAC1,M,WT,24.4,46.3,5067,184,4665,1370,24.6,1,9.3
55027,PL,a,CAC1,M,WT,25.2,48.3,4003,232,5127,10257,29.7,2,20.6
55028,PL,a,CAC1,M,HET,27.9,40,5453,245,4256,10643,30.9,3,25.9
55029,C3H,a,CAC1,M,HET,25.7,34.4,3156,66,3404,8083,3.3,4,172.4
55030,C3H,a,CAC1,M,WT,26.1,40.4,5774,124,7126,21466,44.3,5,113.6
55031,C3H,a,CAC1,M,HET,27,29.1,3511,36,2758,10329,6.7,1,61.3
55032,C3H,a,CAC1,F,HET,19,30,3441,38,3992,7805,7.1,2,31.2
55033,C3H,a,CAC1,F,HET,19,25.4,3328,61,2963,8939,0.4,3,65.2
55034,C3H,a,CAC1,F,HET,18.7,19.7,2182,9,2513,14845,0.7,4,57.9
55035,C3H,a,CAC1,F,HET,19.2,13.8,3237,34,2667,21537,2.8,5,53.2
55036,C3H,a,CAC1,F,WT,17.8,48.3,4341,168,3942,16656,12.5,1,12.8
55037,PL,a,CAC1,M,WT,22.5,45.6,6128,143,4318,7187,13,2,9.3
55038,PL,a,CAC1,M,HET,23.5,38.6,4191,159,2650,7906,0,3,20.9
55039,PL,a,CAC1,M,HET,25.3,8.6,3233,77,3624,10455,2.4,4,46.8
55040,PL,a,CAC1,F,WT,16.8,32.4,4942,150,6094,13251,3.5,5,25.7
55041,PL,a,CAC1,F,WT,16,29.8,5113,110,4710,7114,39.8,1,19.5
55042,PL,a,CAC1,F,HET,17,43.8,4090,141,3910,19298,35.2,2,17.1
55043,PL,a,CAC1,F,HET,17,30,3772,119,3094,15893,25.2,3,59.1
55044,129,a,CAC1,M,HET,28,32.2,1699,6,908,-248,21.2,4,194.2
55045,129,a,CAC1,M,HET,27.1,44.7,3639,1,2928,2238,0.1,5,132.3
55046,129,a,CAC1,F,WT,22,28.7,2729,25,1917,899,70.3,1,43.7
55047,129,a,CAC1,F,HET,20.9,26.3,1755,31,421,94,15,2,116.3
55048,DBA,b,CAC2,M,HET,29,20,3107,35,3706,3844,13.4,1,37.3
55049,DBA,b,CAC2,M,HET,28,17.4,3124,21,2832,3853,69.5,2,11
55050,DBA,b,CAC2,M,HET,30,34.3,2938,36,2391,1308,111.7,3,24.4
55051,DBA,b,CAC2,M,WT,29,43.6,5694,207,5172,4467,69.7,4,20.3
55052,DBA,b,CAC2,M,WT,29,15.4,3927,24,4918,5196,55.7,5,26.6
55053,DBA,b,CAC2,M,HET,25,29.6,4692,103,4018,4994,14.8,1,10.2
55054,DBA,b,CAC2,F,WT,18,39,4779,55,3866,8282,95.8,2,8.5
55055,DBA,b,CAC2,F,HET,20,39.6,3107,20,1920,1753,78.5,3,16.7
55056,129,a,CAC2,M,HET,29,13.8,957,2,1018,3276,0.1,4,53.8
55057,129,a,CAC2,M,WT,29,42.7,2603,54,2897,9083,60.4,5,205.2
55058,129,a,CAC2,M,HET,29,75.9,1682,10,2097,14132,13.4,1,26
55059,129,a,CAC2,F,HET,20,28.3,2608,5,1629,-525,57.4,2,38.2
55060,129,a,CAC2,F,HET,17.6,53.5,1765,5,1176,541,13.5,3,51
55061,129,a,CAC2,F,WT,19.3,63.4,5245,34,2777,7187,130.9,4,38.1
55062,C3H,a,CAC2,M,HET,31.5,69.9,2042,27,2655,-1197,7.1,5,97.8
55063,C3H,a,CAC2,M,HET,34.8,60.9,4766,70,5176,4179,3.4,1,52
55064,C3H,a,CAC2,M,WT,29,37.8,3889,212,6686,20811,25.9,2,95.3
55065,C58,b,CAC2,F,WT,18,39.6,7501,163,8191,11277,3.3,3,14.5
55066,C58,b,CAC2,F,HET,19,38.7,8084,121,7852,20193,0,4,15.2
55067,C58,b,CAC2,F,HET,17.6,44.1,9143,220,8450,18423,0,5,22.4
55068,C58,b,CAC2,F,WT,17.7,32.5,5933,166,5796,26432,0,1,7
55069,C58,b,CAC2,F,WT,17.6,39.4,4304,152,4869,24832,2.7,2,7
55070,C58,b,CAC2,F,HET,18.2,41.6,6639,197,6408,20002,0.3,3,12.5
55071,129,a,CAC2,M,WT,24.8,57.5,5211,174,4969,17084,32.6,4,78.3
55072,129,a,CAC2,M,WT,26.9,34.1,3851,93,2026,4526,44.7,5,136.2
55075,BALB,a,CAC2,M,HET,26.4,23,4046,19,2774,7070,16.4,1,7.8
55076,BALB,a,CAC2,M,HET,25.7,27.7,5459,95,4246,12128,10.1,2,11.8
55077,BALB,a,CAC2,M,WT,27.3,32.5,8440,138,7603,14203,22.3,3,16.2
55078,BALB,a,CAC2,F,HET,19.8,17,4303,90,4432,5592,117.5,4,9.5
55079,BALB,a,CAC2,F,HET,17.8,36.3,5276,160,4146,4735,44.2,5,22.4
55080,BALB,a,CAC2,F,WT,20.9,54.9,4948,18,7321,13485,14.7,1,6.3
55081,BALB,a,CAC2,F,WT,18.9,19.5,5624,116,1874,16042,52.4,2,12.6
55082,DBA,b,CAC2,F,WT,18.3,47.8,4059,138,4329,7986,82.1,3,26
55083,DBA,b,CAC2,F,WT,17.3,55.3,4611,46,5204,10849,79.2,4,25.6
55086,BALB,a,CAC2,M,WT,27.7,33.8,6578,253,6041,14794,6.9,5,33.8
55087,BALB,a,CAC2,M,HET,18.4,9.6,2914,28,3111,9554,30,1,10
55088,BALB,a,CAC2,M,HET,24.7,34.9,4717,65,3702,7528,39.6,2,6.6
55089,BALB,a,CAC2,M,WT,26.5,32.3,7298,108,6089,10723,45.3,3,18.5
55091,BALB,a,CAC2,F,WT,20.2,23.8,6220,60,4733,-1243,71.9,4,32.4
55092,BALB,a,CAC2,F,HET,19.9,28.2,4496,38,4981,11203,27.8,5,10.9
55093,B6,b,CAC2,M,HET,24.7,50.6,4272,222,2286,14807,31.3,1,9.3
55094,B6,b,CAC2,M,WT,24.2,39.6,4438,234,2973,14621,50.4,2,17.3
55095,B6,b,CAC2,M,WT,24.8,39.2,7969,274,7580,11827,39.7,3,46
55096,B6,b,CAC2,M,HET,22.3,43.3,4500,147,3178,11813,100.8,4,54.8
55097,B6,b,CAC2,F,HET,17.5,29.9,4553,200,2547,4457,50,5,25.4
55098,B6,b,CAC2,F,WT,18.1,35.4,4818,109,3225,8713,0,1,27.1
55099,C3H,a,CAC3,M,WT,28.3,50.7,4825,83,4426,18843,2.5,1,50
55100,C3H,a,CAC3,M,WT,29.9,32.5,4262,71,3028,11889,0,2,67.3
55101,C3H,a,CAC3,M,WT,31,32.2,3256,98,2989,16031,1,3,80.3
55102,C3H,a,CAC3,M,HET,29,55.7,4614,109,4838,14472,3.3,4,70.9
55103,C3H,a,CAC3,F,WT,20,16,6215,92,3822,28381,2.6,5,153.2
55104,C3H,a,CAC3,F,HET,21.7,18.4,5767,125,4514,8683,4.9,1,24.3
55105,C3H,a,CAC3,F,WT,20.6,35.6,7709,193,6893,23159,37.8,2,35.8
55106,SM,b,CAC3,M,WT,27.5,53.2,8643,165,8176,11253,0.1,3,51
55107,SM,a,CAC3,M,HET,29.2,35.7,6357,149,6145,2757,0,4,73.4
55108,SM,b,CAC3,F,WT,20.9,42.5,8288,84,8027,17410,10.1,5,144.5
55109,SM,a,CAC3,F,HET,20.8,38.3,6789,298,7331,16683,6.3,1,41.9
55110,SM,b,CAC3,F,HET,20,40.1,6749,87,7453,19129,0,2,38.1
55111,C58,b,CAC3,M,HET,26.7,40,7909,154,5982,25814,0,3,15.4
55112,C58,b,CAC3,M,HET,25,51.7,6346,119,6246,22131,0,4,11.8
55113,C58,b,CAC3,M,WT,24,38.6,9441,107,5888,32181,0.6,5,16
55114,C58,b,CAC3,F,HET,20,40.5,4149,69,3293,19037,0,1,5.7
55116,C58,b,CAC3,F,HET,21,29.2,3960,71,1708,10058,2.6,2,6
55118,BTBR,b,CAC3,F,HET,26.5,41,4658,13,1893,1351,5.7,3,59.8
55119,BTBR,b,CAC3,F,HET,28.5,34.9,3178,21,2095,4732,28.6,4,58.1
55120,BTBR,b,CAC3,F,WT,25.6,40,5449,43,5280,14683,37.2,5,102.9
55121,BTBR,b,CAC3,F,HET,27.3,25.7,4877,46,5185,9366,76.4,1,29.6
55122,BTBR,b,CAC3,F,HET,27.3,33.1,4101,28,3677,5397,1,2,14.2
55124,BALB,a,CAC3,F,HET,24,35.2,6908,76,5316,6156,14,3,20.3
55125,BALB,a,CAC3,F,WT,24,37,7400,179,6185,14988,17.2,4,18
55126,129,a,CAC3,F,HET,22,40.3,1807,67,2120,3091,15.4,5,108.6
55127,129,a,CAC3,F,WT,21.4,42.1,3776,283,3165,1376,70.1,1,67.1
55128,129,a,CAC3,F,WT,21.3,41.3,4486,78,4691,9615,26.1,2,74.6
55129,DBA,b,CAC3,M,WT,27,40.3,4512,80,2798,1904,50.6,3,59.2
55130,DBA,b,CAC3,M,WT,27.9,32.3,4643,175,5035,10224,56.4,4,28.8
55131,DBA,b,CAC3,M,HET,29.3,34.1,3935,164,6868,8054,12.4,5,17.9
55132,C3H,a,CAC3,F,HET,19.8,46.2,4567,23,4069,14517,5.8,1,34.3
55133,C3H,a,CAC3,F,WT,17.5,41.7,5277,222,5335,15285,3.7,2,29.6
55134,C3H,a,CAC3,F,WT,18.3,35.4,5034,45,5499,13438,0.7,3,37.3
55135,BALB,a,CAC3,M,WT,23,30.5,5862,67,5668,17152,19.2,4,17.4
55136,BALB,a,CAC3,M,WT,24,29,6659,145,6505,13741,19.9,5,14.4
55137,BALB,a,CAC3,M,WT,23,36.7,5719,121,5167,24092,1.3,NA,NA
55152,AKR,b,CAC4,M,WT,32,30.9,5907,172,6109,17159,66.4,1,15.2
55153,AKR,b,CAC4,M,HET,32,52.3,4771,85,4298,16335,8.1,2,15
55154,AKR,b,CAC4,M,HET,32,63,2851,42,4297,12423,38.3,3,17.6
55155,AKR,b,CAC4,F,HET,21,34.2,6258,141,5850,15797,53.9,4,12.6
55156,AKR,b,CAC4,F,WT,21,48.9,9806,143,7787,27883,72.3,5,16.6
55157,AKR,b,CAC4,F,HET,23,21.9,4231,21,5505,13991,10.5,1,12.5
55158,PL,a,CAC4,F,WT,20,32.2,6217,182,5639,17607,9.4,2,14.2
55159,PL,a,CAC4,F,HET,19,39.7,5003,106,4259,13777,0.8,3,16.3
55160,AKR,b,CAC4,M,WT,28,14.6,4390,39,4724,21046,56.3,4,35.4
55161,AKR,b,CAC4,M,WT,25,42.4,6913,160,6327,22533,0.6,5,32.3
55162,AKR,b,CAC4,M,WT,25,27.4,5198,86,6124,12479,39.8,1,23
55163,AKR,b,CAC4,M,HET,28,24.5,4607,34,3670,21184,0.9,2,24.7
55165,AKR,b,CAC4,F,WT,16.5,41.7,7728,47,7499,15579,29.5,3,14.6
55166,AKR,b,CAC4,F,WT,21.5,25.3,6970,125,7522,30096,11.8,4,14.7
55167,AKR,b,CAC4,F,HET,21.2,18.8,5129,69,5279,13474,7,5,29.4
55168,AKR,b,CAC4,F,HET,20.7,34.8,3765,16,2429,19068,50.5,1,11
55169,AKR,b,CAC4,M,HET,29.7,42.5,7228,27,5939,4825,58.1,2,25.6
55170,AKR,b,CAC4,M,HET,30.9,18.5,4365,37,5388,12042,2.6,3,36.2
55171,AKR,b,CAC4,M,WT,30.9,46.7,8274,237,9414,21505,20.4,4,16.5
55172,AKR,b,CAC4,F,WT,22.4,40.3,10835,167,11562,22938,14.7,5,30.5
55173,AKR,b,CAC4,F,HET,22.3,45.2,8490,58,7172,14719,5.7,1,9.3
55176,KK,b,CAC4,M,HET,35.3,32.3,3466,53,2189,13050,11.2,2,58.6
55177,KK,b,CAC4,M,WT,34.8,32.3,6158,185,6406,13723,18.6,3,56.8
55178,KK,b,CAC4,M,WT,36,37.8,4766,189,3255,16191,36.9,4,105.8
55179,KK,b,CAC4,M,HET,35.7,NA,3128,23,3073,6150,18.4,5,159.1
55180,KK,b,CAC4,F,HET,27.7,37.4,2937,7,2345,6576,0.1,1,43.3
55181,KK,b,CAC4,F,HET,22.4,40.7,4608,46,2652,5581,48.5,2,55.8
55182,KK,b,CAC4,F,WT,26,43.2,2750,20,2860,15853,2.9,3,73.8
55183,CBA,a,CAC4,F,WT,18.1,33.6,4345,169,5417,18506,17.3,4,47.2
55184,CBA,a,CAC4,F,HET,18.4,36.1,5116,232,5763,10248,0,5,30.9
55185,CBA,a,CAC4,F,HET,19.8,37.5,6189,40,5982,7590,2.7,1,66.3
55186,CBA,a,CAC4,F,HET,20.1,47.8,4170,107,4447,13420,0,2,66.6
55187,KK,b,CAC4,M,WT,34,44.1,4762,118,4913,14410,37.6,3,176.1
55188,KK,b,CAC4,M,WT,34.1,46.2,5326,103,5312,13321,11.5,4,101.7
55189,KK,b,CAC4,M,HET,33.9,29.4,3439,74,2404,4463,1.3,5,75.3
55192,KK,b,CAC4,F,WT,26.5,42.2,4766,89,4080,12685,125.7,1,55.2
55193,KK,b,CAC4,F,HET,24.6,42.1,4105,57,3796,7362,24.2,2,21.1
55194,KK,b,CAC4,F,WT,23.9,27.4,4321,42,3276,16077,88,3,93
55200,AKR,b,CAC4,F,WT,20.2,25.2,7493,194,7100,9932,9.8,4,29.1
55201,AKR,b,CAC4,F,WT,19.1,32.7,6477,96,5368,15887,12.5,5,33.9
55203,DBA,b,CAC4,M,WT,31.7,31.7,4063,96,2017,12073,146.6,1,11.7
55204,DBA,b,CAC4,M,HET,29.9,21,4247,49,4702,12394,47.7,2,22.9
55205,DBA,b,CAC4,F,WT,22.1,46,6284,125,6595,13324,24.1,3,19.6
55206,DBA,b,CAC4,F,WT,20.5,28.8,4335,44,5724,13876,49.6,4,23.1
55207,C58,b,CAC5,F,WT,20.7,37.6,6658,224,8816,24957,2.1,1,12.2
55208,C58,b,CAC5,F,HET,22.7,22.1,5967,100,6130,43883,0,2,8.9
55209,C58,b,CAC5,F,WT,20.9,36.2,7629,201,6430,38105,0,3,14.9
55210,KK,b,CAC5,M,HET,36.4,24.5,3428,37,2921,6675,24.8,4,85.8
55211,KK,b,CAC5,M,HET,38,33.6,4619,113,2184,3856,1.6,5,148.1
55212,KK,b,CAC5,M,HET,36,29.3,3482,78,2870,3874,54.8,1,92.8
55213,KK,b,CAC5,M,WT,34,32.7,7131,107,6563,12185,23.6,2,44.6
55214,KK,b,CAC5,F,WT,27,41.4,6244,182,6415,13771,19.5,3,82.2
55215,KK,b,CAC5,F,HET,26.2,40.7,3643,103,3040,8280,9.7,4,37.2
55220,KK,b,CAC5,F,HET,23.5,36.3,3171,91,1679,12272,0.1,5,36.2
55221,KK,b,CAC5,F,HET,22.4,39.7,3389,91,2596,6616,1.1,1,23.3
55222,KK,b,CAC5,F,WT,24,32.3,4504,111,4899,15186,9.8,2,58.6
55223,KK,b,CAC5,F,WT,21,44.9,3438,32,400,12704,13.6,3,42.3
55224,LG,b,CAC5,M,WT,31,41.1,6889,155,6517,1663,47.6,4,89.4
55225,LG,b,CAC5,M,WT,35.5,27.5,5051,41,5607,11799,28.6,5,61.5
55226,LG,b,CAC5,M,WT,34.1,54,7660,131,6517,8486,5.8,1,27.2
55227,LG,b,CAC5,M,WT,31.7,62.2,5687,71,5156,8800,2.9,2,31.8
55228,LG,b,CAC5,F,HET,23.3,20.1,5122,86,5136,10228,45.3,3,51.4
55229,LG,b,CAC5,F,WT,24,49.1,6586,87,6699,15457,3.1,4,44.5
55230,LG,b,CAC5,F,HET,24,39.9,5126,16,4762,5373,22.9,5,37.3
55231,LG,b,CAC5,F,HET,24,10.7,3284,16,3317,2393,2.2,1,43.7
55232,LG,b,CAC5,F,WT,25.1,40.1,6768,48,5370,9507,0.3,2,49
55233,LG,b,CAC5,F,WT,26,8.7,4849,32,5234,17475,94.5,3,61.6
55234,LG,b,CAC5,F,HET,26.2,74.1,423,29,928,13709,32.7,4,48.9
55246,LG,b,CAC5,M,HET,37.4,10.5,1134,4,1390,9483,6.8,5,65.7
55247,LG,b,CAC5,M,WT,40,27.2,4892,96,3893,8852,12.7,1,42.7
55248,LG,b,CAC5,M,HET,39,84.4,1196,12,1450,-798,10.1,2,45.7
55249,LG,b,CAC5,M,WT,35,45.3,5127,179,5379,8433,13.3,3,34.5
55250,LG,b,CAC5,M,WT,35.1,47.1,5993,258,6244,16772,24.7,4,47.3
55251,LG,b,CAC5,F,WT,27.1,42.9,7314,154,7079,6631,9.9,5,44
55252,LG,b,CAC5,F,HET,29.1,100,6360,26,5977,10234,81.7,1,14.2
55253,LG,b,CAC5,F,HET,26.8,43.8,5531,68,5827,5959,6.8,2,48.8
55258,LG,b,CAC5,M,HET,32,79.7,4625,65,4143,24,26.8,3,44.4
55259,LG,b,CAC5,M,HET,30,29.4,4216,12,4109,5385,47.2,4,76.7
55260,LG,b,CAC5,M,HET,32,39.7,5363,100,4588,8219,4.9,5,69.8
55261,LG,b,CAC5,M,HET,31.9,87.3,4142,21,4484,14023,6.9,1,33.6
55262,LG,b,CAC5,F,WT,23.7,18.8,5697,79,5307,11358,27.6,2,39.4
55264,LG,b,CAC5,F,WT,24.4,68.9,4997,64,5784,4433,48.7,3,54.2
55266,DBA,b,CAC5,F,WT,18.2,42.8,5105,158,5647,22292,92.6,4,13.6
55267,DBA,b,CAC5,F,HET,18,8.2,2494,29,2780,3271,15,5,31.8
55269,DBA,b,CAC5,F,HET,18,7.1,2374,1,2163,5010,26.6,1,13.1
55271,NON,a,CAC5,M,HET,32,27.1,4094,71,3809,6555,62.9,2,17.8
55272,NON,a,CAC5,M,WT,33.8,37,8989,106,6965,5311,50,3,29.7
55273,NON,a,CAC5,M,WT,32,33.6,3878,75,4333,15637,18.7,4,30.8
55276,B6,b,CAC6,F,WT,17.1,47.4,4458,99,1790,7247,10.9,1,13
55277,B6,b,CAC6,F,WT,16.6,41.5,5832,82,3658,8638,43.5,2,11.5
55278,B6,b,CAC6,F,HET,17,38.3,2967,49,2984,8142,115.2,3,25.6
55279,B6,b,CAC6,M,HET,21.5,18.9,5049,209,5054,10284,151.7,4,19.5
55280,B6,b,CAC6,M,HET,23.2,46.9,3642,179,4273,5186,40.5,5,62.5
55281,B6,b,CAC6,M,HET,20.8,41,5284,168,4547,8120,69.4,1,22.7
55282,B6,b,CAC6,M,WT,22.8,46.4,7212,162,4333,6251,44.9,2,21
55283,B6,b,CAC6,F,WT,16.7,46.5,5668,247,6497,9579,125.7,3,49.7
55284,B6,b,CAC6,F,WT,16.1,44.9,4029,64,3897,3848,49.3,4,26.9
55285,B6,b,CAC6,F,WT,17.4,44.2,4373,136,2414,12129,64.2,5,42.6
55286,SJL,a,CAC6,M,WT,27.4,43.1,3264,182,3135,7665,6.2,1,30.1
55287,SJL,a,CAC6,M,WT,28.5,40,3782,128,3459,12528,7.5,2,23.6
55288,SJL,a,CAC6,M,WT,28.4,51.9,3269,110,3311,12139,19.8,3,53.4
55289,SJL,a,CAC6,F,WT,17.3,51.9,7754,222,6081,18097,25.8,4,45.4
55290,SJL,a,CAC6,F,HET,18.8,34.4,7468,145,7002,11162,61.5,5,27.2
55291,SJL,a,CAC6,F,WT,19.2,34.8,5740,190,6202,18338,1.5,1,15.1
55292,NON,a,CAC6,M,HET,28.8,47.5,3853,58,2479,5181,66.4,2,51.1
55293,NON,a,CAC6,M,HET,29.7,63.7,4380,131,2163,11430,17.3,3,26.9
55297,NON,a,CAC6,F,WT,23.2,49.6,8722,227,8883,9959,52.2,4,26.5
55298,NON,a,CAC6,F,WT,21,46.3,2973,89,4186,16013,62.2,5,37
55299,NON,a,CAC6,F,WT,21.8,51.2,4472,108,3783,12202,29,1,11.1
55300,B6,b,CAC6,M,HET,20.3,42.1,5999,199,4375,6497,57.7,2,12.6
55301,B6,b,CAC6,M,WT,21.1,29.7,4552,197,3678,11733,33.7,3,20.7
55302,B6,b,CAC6,M,WT,21.1,41.3,7985,180,6773,11872,80,4,39.1
55303,B6,b,CAC6,M,WT,22.1,50.4,3605,80,2993,5872,87.2,NA,NA
55304,B6,b,CAC6,M,WT,18.6,35.1,5470,116,3754,5784,37.1,1,8.5
55305,B6,b,CAC6,F,HET,15.9,36.7,5540,196,3945,11394,56.5,2,7.1
55306,B6,b,CAC6,F,WT,16.2,38,6707,204,6980,15604,12.5,3,39.5
55307,B6,b,CAC6,F,WT,16.8,52.4,7406,138,6391,14659,32.5,4,19.4
55317,BUB,b,CAC6,M,HET,24.2,31.3,7369,157,7298,9490,21,5,49.1
55318,BUB,b,CAC6,M,WT,26.4,40.2,13721,238,15300,13362,17.4,1,12.8
55319,BUB,b,CAC6,M,HET,27.5,42.9,7461,181,7302,2094,13,2,20.2
55320,BUB,b,CAC6,M,WT,26.9,50.8,4880,169,6600,12584,43.6,3,25.9
55321,BUB,b,CAC6,F,HET,21.2,16.4,5355,105,6437,14473,51.8,4,36.9
55322,BUB,b,CAC6,F,WT,21.1,18.5,4576,109,5395,14635,21.6,5,35.8
55323,PL,a,CAC6,F,WT,20.5,26.8,3939,28,2972,17385,2.4,1,17.1
55324,PL,a,CAC6,F,HET,21.6,37.1,3786,57,2998,13701,4.6,2,12.3
55325,NZW,a,CAC6,M,WT,32.4,28.7,2592,201,2137,5718,75.8,3,120.8
55326,NZW,a,CAC6,M,HET,31.9,23.4,2079,31,1336,4191,15.9,4,181.8
55327,NZW,a,CAC6,M,HET,32,27.7,2601,31,1985,4317,56.1,5,225.1
55328,NZW,a,CAC6,M,HET,30.4,31.7,2575,171,2418,1796,8,1,61.1
55329,NZW,a,CAC6,M,HET,31.1,41.1,3022,74,2138,3844,1.9,2,121
55330,NZW,a,CAC6,M,WT,30.6,36.4,2401,89,3324,5084,20.5,3,56.9
55331,NZW,a,CAC6,F,WT,26.6,43.9,3424,61,2553,7179,68.1,4,55.2
55332,NZW,a,CAC6,F,WT,23.5,27.1,2750,49,1907,979,97.2,5,72
55336,NON,a,CAC7,F,HET,25.5,38.7,5629,94,3364,8760,75,1,16.2
55337,NON,a,CAC7,F,WT,22.3,26.2,5208,161,5781,16457,21.8,2,25.2
55338,SM,a,CAC7,M,HET,24.5,18.9,7897,165,6299,14517,37,3,70
55339,SM,a,CAC7,M,WT,23.7,36.8,8252,171,8223,18407,13,4,137.6
55340,SM,a,CAC7,M,HET,25.5,36.9,8037,167,5742,18919,1,5,147.6
55341,SM,a,CAC7,M,WT,25.5,36.8,9494,164,7942,22399,6.2,1,76.5
55342,SM,a,CAC7,F,HET,20,17.2,7370,96,6622,12676,0,2,53.2
55343,SM,b,CAC7,F,WT,16.8,32.4,8075,104,8757,11313,7.3,3,33.9
55344,BUB,b,CAC7,M,HET,24.3,20.1,2938,81,2212,12968,37.5,4,36.8
55345,BUB,b,CAC7,M,WT,25,40.2,5688,112,4259,17026,61.7,5,30.8
55346,BUB,b,CAC7,M,HET,25.4,19.6,4088,35,3920,11865,19.6,1,21.8
55347,BUB,b,CAC7,M,HET,22.2,24,2989,15,3352,2931,0.5,2,38.8
55348,BUB,b,CAC7,M,WT,24.3,34.9,2858,25,2123,12766,59.1,3,45.8
55349,BUB,b,CAC7,M,WT,23.8,47.3,5733,130,7658,21729,26.3,4,41.1
55350,BUB,b,CAC7,F,WT,18.4,32.8,6538,170,5627,8501,9.7,5,35.6
55351,BUB,b,CAC7,F,WT,19.2,30.4,5164,48,4606,12486,71.2,1,13.6
55352,BUB,b,CAC7,F,WT,18.1,41.6,4654,28,5295,12040,46.7,2,27
55353,BUB,b,CAC7,F,HET,19,32.3,4333,243,3623,4174,22.7,3,39.2
55354,BUB,b,CAC7,F,HET,17.5,24.2,5389,94,5228,10064,78.9,4,24.3
55355,SJL,a,CAC7,M,HET,26.1,42,2979,12,2311,6082,0.2,5,42.8
55356,SJL,a,CAC7,M,HET,24.9,50.1,4087,84,4301,18544,0.4,1,27.9
55357,SJL,a,CAC7,M,HET,25.6,48.9,3514,50,2740,6485,3.2,2,31.3
55358,SJL,a,CAC7,M,HET,24.8,25.9,4914,70,3884,17098,9.9,3,75.1
55359,SJL,a,CAC7,F,HET,19.2,51.3,967,0,1024,7323,0,4,24.9
55360,SJL,a,CAC7,F,HET,19.8,43.1,2232,9,1968,2374,3.5,5,28.9
55361,SJL,a,CAC7,F,HET,18.7,48.1,4745,148,4057,10466,9.8,1,13.8
55362,SJL,a,CAC7,F,WT,17.8,39.4,5067,68,4840,22899,46.2,2,18
55363,NZB,b,CAC7,F,WT,23.3,33.8,3411,55,2421,3391,0.4,3,57.5
55364,NZB,b,CAC7,F,HET,23.1,51.1,5682,205,3588,13938,0,4,64.8
55365,NON,a,CAC7,M,WT,30.8,49.9,7529,256,7481,16289,34,5,27.5
55366,NON,a,CAC7,M,HET,32.3,40.6,3064,122,3347,14053,16.3,1,24
55367,NON,a,CAC7,M,HET,32.1,39.1,4367,134,3186,12663,59.2,2,34.5
55368,NON,a,CAC7,M,HET,32.6,57.5,3384,73,2841,16767,15.6,3,35.6
55369,NON,a,CAC7,M,WT,32.8,45.7,5426,216,4493,16436,9.8,4,34.3
55370,NON,a,CAC7,F,HET,23,38.8,2739,31,1849,4141,0.3,5,16.4
55371,NON,a,CAC7,F,WT,24,44.4,5973,139,4899,9702,53.1,1,19.3
55379,RIIS,a,CAC7,M,HET,24.5,37.3,3582,83,1908,13677,8.2,2,119.3
55381,RIIS,a,CAC7,M,WT,24.2,33.1,5639,174,5905,12903,0.2,3,123
55382,RIIS,a,CAC7,F,WT,17.2,41.4,6010,203,5146,15083,0.2,4,95.1
55383,RIIS,a,CAC7,F,HET,16.5,37,7068,103,4743,13777,2.6,5,76.3
55384,RIIS,a,CAC7,F,WT,17.6,45.1,9159,137,8931,8171,0,1,85.5
55385,NZW,a,CAC7,M,HET,31.7,35.8,2420,39,987,7276,0,2,92.5
55386,NZW,a,CAC7,M,WT,28.2,31.9,4525,285,3349,6587,63.7,3,84.7
55389,NZW,a,CAC7,F,HET,24,54.3,1893,30,1936,6542,1.7,4,61.7
55390,NZW,a,CAC7,F,WT,22.7,45.8,3588,40,3335,3539,16.7,5,82.3
55391,B6,b,CAC8,M,HET,22.9,28.7,4000,43,4497,15423,12.8,1,9.6
55392,B6,b,CAC8,M,WT,22.9,29.4,6772,192,4825,21144,133.6,2,18
55396,B6,b,CAC8,F,HET,16.7,35.1,5771,254,3594,13600,120.9,3,13.7
55397,B6,b,CAC8,F,HET,18.5,46.1,4816,330,3849,22372,38.9,4,55.9
55398,SJL,a,CAC8,M,WT,25.3,61.5,3834,149,3776,18612,5.5,5,36
55400,SJL,a,CAC8,M,WT,26.7,38,3684,32,3949,23749,0.8,1,17.7
55401,SJL,a,CAC8,M,WT,27,27.5,4023,309,3474,18854,7.9,2,24.3
55402,SJL,a,CAC8,M,HET,29.3,35.1,5684,122,4889,15315,2.1,3,67
55403,SJL,a,CAC8,M,HET,27,46.5,5658,110,4773,13351,0.3,4,94.8
55404,SJL,a,CAC8,F,HET,18.7,36.6,4500,35,3915,16644,1.5,5,9.7
55405,SJL,a,CAC8,F,HET,19.3,38.9,1525,2,993,19164,6.1,1,7.7
55406,SJL,a,CAC8,F,WT,18.7,38.2,5663,182,4719,18557,4.4,2,13.9
55408,BTBR,b,CAC8,M,WT,36.8,42.9,6496,72,2732,14932,49.5,3,63.1
55409,BTBR,b,CAC8,M,HET,34.3,25,5776,51,2116,6733,11.2,4,211.3
55410,BTBR,b,CAC8,M,WT,38.5,34.1,3546,46,1892,5313,41.4,5,79.3
55411,BTBR,b,CAC8,M,WT,36.2,27.7,5845,70,4539,12622,1.1,1,29
55422,RIIS,a,CAC8,M,WT,23.9,43,7178,112,4525,15646,0.4,2,73.4
55423,RIIS,a,CAC8,M,HET,24.3,38,5196,291,4470,10870,2.7,3,96.3
55424,RIIS,a,CAC8,M,WT,24.6,42.8,9914,197,8835,12173,0.9,4,224.3
55425,RIIS,a,CAC8,F,WT,17.8,36.6,10531,170,10930,19251,2.6,5,104.9
55426,RIIS,a,CAC8,F,HET,17.2,31.8,6953,119,3706,8232,0,1,47.5
55428,BTBR,b,CAC8,M,WT,26.7,43.5,7576,204,6402,11354,5,2,38.8
55430,BTBR,b,CAC8,M,WT,26.9,43.1,7950,180,5602,8186,19.7,3,55.3
55431,BTBR,b,CAC8,M,HET,27.6,24.5,5630,76,3250,6437,14.5,4,47.8
55432,BTBR,b,CAC8,M,HET,30.2,42.4,4761,125,1925,6814,6.5,5,89.3
55433,BTBR,b,CAC8,M,HET,28.4,45.1,7556,87,2729,4127,0.6,1,73
55434,BTBR,b,CAC8,F,WT,24.1,32.7,6453,29,3857,92,57.5,2,60.3
55436,BTBR,b,CAC8,F,WT,20.7,20,4445,25,2160,216,30.6,3,59
55437,BTBR,b,CAC8,F,WT,22.4,33.4,8876,52,5646,11443,116,4,149.4
55438,BTBR,b,CAC8,F,HET,23.2,21.4,3098,10,1841,6696,30.9,5,60
55445,SEA,a,CAC8,M,HET,26.4,49.6,10202,224,9383,19575,1.4,1,43.2
55446,SEA,a,CAC8,M,WT,27.7,42.2,9622,252,5841,20233,20.9,2,21.9
55447,RIIS,a,CAC8,F,WT,18.9,50.7,7899,133,7994,19991,21.9,3,95.5
55448,RIIS,a,CAC8,F,HET,17.9,48.4,5258,147,5719,15143,12.1,4,140
55449,RIIS,a,CAC8,F,WT,16.9,42.6,6060,81,5289,19429,14.5,5,95.3
55456,NON,a,CAC8,F,HET,20.7,49,3430,36,2748,9530,26.2,1,14.7
55457,NON,a,CAC8,F,HET,21.3,39.8,5331,148,4010,6645,37.5,2,20.6
55458,NON,a,CAC8,F,HET,19.4,36,5449,113,3505,9848,70,3,25.7
55460,B6,b,CAC8,F,WT,17.7,37.4,6911,169,7743,14656,40.3,4,91.3
55461,B6,b,CAC8,F,WT,18.1,34.6,7713,169,5354,20387,81.4,5,24
55462,B6,b,CAC8,F,WT,18.2,41.9,6213,68,4119,14826,94.3,1,7.9
55463,NZB,b,CAC8,M,WT,29.4,49.4,5205,180,4320,21406,0.9,2,22.4
55464,NZB,b,CAC8,M,HET,31.6,32.8,2194,48,3564,NA,16.2,3,58
55465,NZB,b,CAC8,F,HET,22.6,36.3,3316,85,2883,8561,0.1,4,49.1
55466,NZB,b,CAC8,F,WT,21.9,36.3,2819,16,2857,3922,35.3,5,18.9
55467,NZB,b,CAC8,F,HET,22.1,11.7,2363,9,2185,6464,4.3,1,14.9
55468,NZW,a,CAC9,M,WT,29.7,44.8,5377,240,4240,12976,41.8,1,141.8
55469,NZW,a,CAC9,M,WT,31.8,43.7,6030,185,3749,235,68.5,2,63.5
55477,SEA,a,CAC9,F,HET,20.9,19.4,7086,227,7810,19539,2.6,3,33.2
55478,SEA,a,CAC9,F,HET,21.4,41.3,6554,145,7543,23660,2.3,4,37.3
55479,RIIS,a,CAC9,M,HET,27.9,44.7,7069,140,4851,9045,6.8,5,149.6
55480,RIIS,a,CAC9,M,WT,27.1,45.2,6630,114,4775,18760,8.4,1,100.6
55481,RIIS,a,CAC9,F,WT,20.5,39.1,10656,162,9668,17070,26.2,2,52.1
55482,RIIS,a,CAC9,F,HET,20.1,37.5,7410,95,5762,17363,69.1,3,61.1
55483,NZB,b,CAC9,M,WT,32.4,50.3,5391,188,3493,15611,5.5,4,110.4
55484,NZB,b,CAC9,M,WT,32.1,45.4,4544,155,3490,9183,15.3,5,57.5
55485,NZB,b,CAC9,M,HET,32.2,29.7,4654,88,3299,9643,1.1,1,20.9
55486,NZB,b,CAC9,F,HET,21.9,25.9,6091,61,2550,6878,0.2,2,22.3
55487,NZB,b,CAC9,F,HET,26.4,38.8,3902,72,2381,457,1.3,3,31.1
55488,NZB,b,CAC9,F,HET,25.6,6.8,2050,41,1010,13729,1.4,4,36.7
55489,RIIS,a,CAC9,M,WT,25,35.9,6434,83,5101,12033,0,5,172.4
55490,RIIS,a,CAC9,M,HET,25.9,37.5,6781,158,4780,15976,3.9,1,140
55494,SEA,a,CAC9,M,HET,28.7,54,4252,112,4017,11872,0.6,2,16
55495,SEA,a,CAC9,M,HET,28.9,44,6184,83,4411,13870,2.3,3,28.3
55496,SEA,a,CAC9,M,HET,26.1,45.8,8709,241,6867,13504,6.8,4,37.1
55497,SEA,a,CAC9,M,HET,28.3,48.3,5814,176,4987,5574,0.1,5,24.6
55498,SEA,a,CAC9,M,WT,26.5,59.2,7797,256,4418,9806,9,1,9.8
55499,SEA,a,CAC9,F,WT,19.5,46.3,9272,144,7587,13533,52.8,2,22
55500,SEA,a,CAC9,F,WT,18.4,39.6,9152,137,8919,20367,27.2,3,27.5
55501,AJ,b,CAC9,F,WT,20.2,24.3,3236,22,2862,14125,31.2,4,29.8
55502,AJ,b,CAC9,F,WT,21,45.2,3292,49,3921,8036,25.6,5,22
55503,AJ,b,CAC9,F,WT,19,39.5,5362,63,5105,14038,0,1,15.4
55504,NZB,b,CAC9,M,WT,28.8,28.7,4009,52,4240,14290,26.8,2,21.8
55505,NZB,b,CAC9,M,WT,29.8,45.6,3338,40,3260,13274,0.5,3,95.7
55506,NZB,b,CAC9,M,WT,29.8,62.3,4573,97,5371,12113,26.4,4,66.9
55507,NZB,b,CAC9,M,HET,29,29.9,2627,27,708,14324,0.7,5,19.7
55513,RIIS,a,CAC9,M,WT,24,39,7780,95,5734,14292,2.8,1,112
55514,RIIS,a,CAC9,M,HET,25.9,41.1,5226,102,1005,18073,0.3,2,77.1
55515,RIIS,a,CAC9,M,HET,28.2,47.3,5210,150,3934,9242,9.5,3,99.8
55516,RIIS,a,CAC9,F,HET,18.8,50.4,6207,243,5657,15138,0.6,4,138.1
55517,RIIS,a,CAC9,F,HET,18.7,32.8,5570,123,4977,17173,0,5,75.8
55518,AJ,b,CAC9,M,HET,24.5,34.5,3225,9,3004,3385,5.3,1,32.8
55519,AJ,b,CAC9,M,HET,22.4,36.5,1707,0,1114,287,64.8,2,14.6
55520,AJ,b,CAC9,M,HET,23.1,27.9,1346,3,1450,-254,5.8,3,29.3
55521,AJ,b,CAC9,M,WT,23.4,27.2,4983,160,4456,15319,4.9,4,113.2
55522,AJ,b,CAC9,M,HET,22.2,36.3,1648,3,549,2631,98.4,5,36
55523,AJ,b,CAC9,M,WT,21.2,34.6,3440,10,3705,6757,36.8,1,24.6
55524,AJ,b,CAC9,M,WT,22.6,38.1,5486,34,5205,10857,96.2,2,27.7
55525,AJ,b,CAC9,F,HET,18,16.6,655,1,408,547,35.7,3,10.8
55526,AJ,b,CAC9,F,HET,16.2,27.6,2026,19,2267,-1797,2.7,4,42.4
55527,AJ,b,CAC9,F,HET,17.1,40,4106,46,3052,3842,30.9,5,26.5
55528,AJ,b,CAC9,F,HET,15.8,47.5,3103,16,3200,10929,1.2,1,25.5
55529,SEA,a,CAC10,M,WT,27.2,42.6,6427,198,5947,9884,10,1,7.6
55530,SEA,a,CAC10,M,WT,26.7,31.5,4986,80,4633,6345,29.2,2,21.9
55531,SEA,a,CAC10,M,HET,27.6,6.7,6704,142,4342,12367,4,3,18.3
55532,SEA,a,CAC10,M,WT,27.9,37.1,5514,200,6381,11300,30.1,4,34.8
55533,SEA,a,CAC10,F,WT,19.6,36,5904,187,7898,9916,30.7,5,15.2
55534,SEA,a,CAC10,F,WT,19.9,41.1,6856,127,7549,16182,64.6,1,8.5
55535,SEA,a,CAC10,F,WT,20.3,39.7,8680,90,9336,20320,18.4,2,12
55536,SEA,a,CAC10,F,WT,19.4,29.1,5787,154,6655,19138,63.2,3,19.1
55537,AJ,b,CAC10,M,WT,25.4,39.5,6123,104,4650,16678,60.4,4,25
55538,AJ,b,CAC10,M,WT,27.4,24.4,5083,67,4126,18408,47,5,25.7
55541,AJ,b,CAC10,F,WT,19.8,99.9,4601,66,4411,13485,90.8,1,8.5
55542,AJ,b,CAC10,F,WT,19.3,30.6,5986,62,3631,17895,75.6,2,11.4
55543,AJ,b,CAC10,M,WT,25.4,40.8,4381,96,3559,24421,41.3,3,24
55544,AJ,b,CAC10,M,WT,24.6,61.9,3649,87,3992,20554,63.4,4,38.2
55546,AJ,b,CAC10,M,HET,24.2,28.8,4711,86,3805,12097,32.3,5,20.8
55547,AJ,b,CAC10,M,HET,21.5,28.7,3560,7,4183,-1399,22.5,1,23.6
55549,AJ,b,CAC10,F,HET,17.6,42.8,3077,1,1738,3207,4.1,2,8.5
55550,AJ,b,CAC10,F,WT,18.1,49.6,6802,110,7205,18430,93,3,18.8
55551,AJ,b,CAC10,F,HET,17.9,26.1,355,1,1450,9412,12.7,4,20.2
55552,NZW,a,CAC10,F,WT,22.7,37,5544,81,3446,7603,38.3,5,53.4
55553,NZW,a,CAC10,F,HET,23.7,28.4,2754,138,1322,-213,14.7,1,7.7
55554,MRL,b,CAC10,M,HET,34.4,40.4,3857,111,3474,7071,1.6,2,45.8
55555,MRL,b,CAC10,M,WT,31,51.4,5432,336,6307,12396,14.6,3,56.7
55557,MA,a,CAC10,M,HET,22.8,46.4,5764,122,2899,6600,18.2,4,27.8
55558,MA,a,CAC10,M,HET,22.4,44.4,4606,31,3423,4709,105.1,5,19.1
55559,MA,a,CAC10,M,HET,25,48.6,3915,114,2130,5316,39.4,1,10.9
55560,MA,a,CAC10,M,WT,22.9,42.8,6541,171,5907,12320,20.5,2,18.1
55561,MA,a,CAC10,F,WT,19.3,37.3,6974,102,5168,14957,78.8,3,11.7
55562,MA,a,CAC10,F,HET,18.3,45.5,4586,73,2640,8756,9.5,4,11.6
55563,MA,a,CAC10,F,WT,19.6,42.7,11093,164,7210,5952,64.2,5,14.4
55564,MA,a,CAC10,F,WT,17,26.7,6034,57,4629,3587,89.2,1,7.8
55565,MA,a,CAC10,M,WT,25,45.1,5946,116,5915,10285,53.4,2,15.5
55566,MA,a,CAC10,M,HET,23.8,42,6096,81,4631,8956,122,3,20.2
55567,MA,a,CAC10,M,HET,24,28.9,4101,116,2421,2788,67.7,4,24.2
55568,MA,a,CAC10,F,WT,15.7,27.4,4053,28,2807,4757,140.5,5,18.6
55569,MA,a,CAC10,F,HET,16.5,39.6,6324,84,4701,-4478,0,1,9.2
55570,MA,a,CAC10,F,HET,18.3,23.8,1907,43,905,-428,58.4,2,12.8
55571,MA,a,CAC10,F,HET,17.3,26.3,4876,93,3913,7754,119,3,18.3
55572,MA,a,CAC10,F,WT,16.7,49,7226,233,8637,6385,119.2,4,29.6
55573,PL,a,CAC10,M,WT,23.6,41.2,3981,122,2691,14425,20.9,5,8.3
55574,PL,a,CAC10,M,HET,24.3,42.9,4481,244,3467,9152,1.8,1,16.5
55575,PL,a,CAC10,M,WT,22.7,48.9,4831,125,4400,12120,9.6,2,12.1
55576,PL,a,CAC10,M,HET,24.6,49.2,4246,82,2569,10013,2,3,21.2
55577,PL,a,CAC10,F,WT,17,40.1,7030,155,614,24659,20.5,4,11.7
55578,PL,a,CAC10,F,HET,18.8,50.9,4947,125,3716,17576,5.7,5,11.4
55581,DBA,b,CAC10,F,HET,20.1,39.2,2566,26,2123,2805,37.8,1,8
55582,DBA,b,CAC10,F,HET,22,24.8,2636,47,2424,2178,12.7,2,5.8
55590,MRL,b,CAC11,M,WT,36,20.6,4896,198,4398,16672,12.6,1,53.2
55591,MRL,b,CAC11,M,WT,30.9,31,4802,151,4118,7581,103.1,2,40
55592,MRL,b,CAC11,M,HET,31.1,2.3,3185,171,3886,8262,22.1,3,80
55593,MRL,b,CAC11,M,WT,36.7,9.2,5616,114,4457,14084,95.8,4,79.3
55594,MRL,b,CAC11,M,WT,35.4,49.8,3369,179,3957,17714,7.4,5,48.1
55595,MRL,b,CAC11,F,WT,21.1,39.1,5046,399,5581,9946,50.7,1,34.5
55596,MRL,b,CAC11,F,WT,24.6,37.4,7067,306,6862,9637,53.9,2,50.8
55597,MRL,b,CAC11,F,HET,24,50.3,3850,61,4420,12761,6.3,3,86.5
55598,B6,b,CAC11,M,WT,21.1,53.4,5407,126,5579,9284,64.7,4,19
55599,B6,b,CAC11,M,HET,21.8,32,4044,103,2837,13810,103.6,5,21.4
55600,B6,b,CAC11,M,WT,19.1,27.5,4662,102,4242,6722,10.1,1,45.3
55601,B6,b,CAC11,F,HET,16.4,32.1,4573,34,4033,10751,43.5,2,24.1
55602,B6,b,CAC11,F,WT,14,43.6,6067,169,4275,27471,58.4,3,70.5
55603,B6,b,CAC11,F,WT,16.9,36.4,3511,35,1946,19622,113.7,4,8.6
55604,B6,b,CAC11,F,WT,16.1,4.2,4535,137,3492,11823,38,5,31.1
55607,NZW,a,CAC11,F,HET,23.2,28.3,2725,8,1440,5853,24.1,1,22.1
55609,NZW,a,CAC11,F,HET,23.4,23.1,3154,19,2809,4753,71,2,18.4
55610,NZW,a,CAC11,F,HET,23.7,33.4,3571,16,1094,6716,1.2,3,74.1
55611,NZW,a,CAC11,F,WT,25.7,26.1,5796,179,5526,5544,111.9,4,48
55612,NZW,a,CAC11,F,WT,25.4,35.5,6881,192,4819,8353,6.7,5,58.7
55613,SM,a,CAC11,F,WT,20.9,37.1,9513,181,9850,30799,0.3,1,48.2
55614,SM,b,CAC11,F,WT,20.3,33.6,5516,124,7735,20336,76.6,2,41.4
55615,SJL,a,CAC11,F,WT,18.3,18.4,6846,118,7856,13503,0,3,67
55618,SJL,a,CAC11,F,WT,17.8,41.7,3849,35,4057,19156,5.1,4,10.6
55620,MRL,b,CAC11,F,HET,28,14.1,6393,48,4868,9335,17,5,45.5
55621,MRL,b,CAC11,F,WT,26.5,38.4,4437,91,3994,9989,22.3,1,55
55622,MRL,b,CAC11,F,WT,28.2,9,3973,43,4230,8952,64.6,2,41.2
55623,B6,b,CAC11,M,WT,23.1,43.9,4646,168,3450,21415,52.2,3,67.7
55624,B6,b,CAC11,M,HET,23.4,9,3818,225,3229,7804,132.6,4,17.6
55625,B6,b,CAC11,M,HET,22.9,35,4190,115,3083,4087,49.3,5,10.5
55626,B6,b,CAC11,M,HET,23.7,33.4,4401,197,2168,5503,14.2,1,15.1
55627,B6,b,CAC11,M,HET,23.4,50.4,3049,72,2219,7309,82.7,2,14.5
55628,B6,b,CAC11,F,WT,17.7,47.9,4154,154,3907,17750,139.8,3,63.4
55629,B6,b,CAC11,F,HET,18.4,40.8,2992,213,2265,11222,9.2,4,9.4
55630,B6,b,CAC11,F,WT,17.5,40,3802,99,3445,10980,100.9,5,29.5
55631,B6,b,CAC11,F,HET,18.7,34.6,3501,158,3041,10268,0,1,15.2
55632,B6,b,CAC11,M,WT,22.7,41.4,6586,212,5235,13753,49.2,2,18.6
55633,B6,b,CAC11,M,HET,21.6,21.4,3202,186,3174,13066,25.5,3,69.5
55634,B6,b,CAC11,M,WT,20.8,25.6,6508,214,7021,19248,59.1,4,38.2
55635,B6,b,CAC11,M,WT,19.9,38.8,6443,278,6980,25220,38.1,5,26
55636,B6,b,CAC11,M,WT,19.5,48.3,5682,233,5174,14318,15.8,1,35.7
55637,B6,b,CAC11,F,HET,17.4,27,3752,285,3317,12594,37.2,2,13
55638,B6,b,CAC11,F,HET,16.3,32.1,6379,393,9801,15340,19.8,3,65.4
55640,B6,b,CAC11,F,HET,16.1,44.5,4038,173,NA,NA,23.6,4,35.7
55641,B6,b,CAC11,F,HET,17.3,34.6,3846,135,2769,3814,9.2,5,18.8
56132,NZB,b,CAC11,M,HET,30,34.9,3506,103,4620,10396,10.7,1,26.6
56133,NZB,b,CAC11,M,HET,31.3,31.9,5587,214,3852,17535,4.4,2,12.5
55646,LP,a,CAC12,F,WT,22.3,34.7,3944,51,2958,6699,151.2,1,7
55647,LP,a,CAC12,F,WT,21.9,47.8,5177,85,5369,7003,66.3,2,6.7
55648,LP,a,CAC12,F,WT,21.4,43.2,3933,57,3974,9931,13.2,3,60
55649,FVB,a,CAC12,F,HET,23.1,40.6,6811,145,5784,2188,34.8,4,56.6
55650,FVB,a,CAC12,F,WT,19.3,44.8,8946,278,6729,10308,51.4,5,74.7
55651,FVB,a,CAC12,F,HET,22.6,44.6,6747,266,5597,7275,6.2,1,33.2
55654,SEA,a,CAC12,F,HET,19.5,32.9,7755,101,8885,19647,0.3,2,11.1
55656,SEA,a,CAC12,F,HET,18.8,19.3,5002,91,4618,6343,18.3,3,66.1
55657,SWR,a,CAC12,M,WT,26.2,48.8,6643,168,5079,13624,8.3,4,37.7
55658,SWR,a,CAC12,M,WT,24.2,50.9,5447,177,5257,10015,3,5,55.5
55659,SWR,a,CAC12,M,WT,25.8,48.6,6602,217,3752,13265,1.7,1,9
55660,SWR,a,CAC12,F,WT,18.4,41.4,4504,73,3329,9430,11.2,2,6.1
55661,SWR,a,CAC12,F,WT,16.9,35.4,4147,106,3165,9730,41.9,3,68.6
55662,SWR,a,CAC12,F,WT,17.9,49.2,5621,169,4149,13252,3.9,4,23
55663,SWR,a,CAC12,F,HET,17.7,37.7,4524,153,4044,4793,0,5,21.4
55664,SWR,a,CAC12,F,WT,17.3,47.2,4919,146,4841,13175,1.9,1,9.4
55665,NOD,a,CAC12,M,HET,23.7,41,5493,72,4772,8343,19.6,2,24.6
55666,NOD,a,CAC12,M,WT,25.2,50.1,9398,83,8069,15403,7,3,71.3
55667,NOD,a,CAC12,M,HET,24.4,47.8,7051,83,4798,12775,0.2,4,54.8
55668,NOD,a,CAC12,M,WT,22.7,46.2,5890,76,6330,6048,0,5,43.1
55669,NOD,a,CAC12,F,WT,20.5,42,5941,95,4223,14983,47.7,1,8.3
55670,NOD,a,CAC12,F,HET,20,42.6,5105,49,4470,8705,0.1,2,10.8
55671,NOD,a,CAC12,F,WT,19.1,22.7,8863,58,9647,4744,8,3,68.1
55672,NOD,a,CAC12,F,WT,17.8,41.6,4050,48,3219,10649,69.2,4,28.8
55673,NOD,a,CAC12,F,WT,20.5,37.7,4130,19,3208,1227,90.6,5,29.1
55674,BKS,b,CAC12,M,WT,25.8,44,3458,156,3775,4750,20.3,1,7.6
55675,BKS,b,CAC12,M,WT,25.5,38.5,3984,165,4138,7369,5.7,2,17.5
55676,BKS,b,CAC12,M,HET,25,58.2,1998,5,2728,-652,14.1,3,70.6
55677,BKS,b,CAC12,F,HET,21.2,41.2,2481,28,1530,2674,5.7,4,11.2
55678,BKS,b,CAC12,F,HET,16.6,41.4,3165,49,3269,2797,2.1,5,13.8
55679,FVB,a,CAC12,M,HET,31,47.4,5538,106,4066,8271,110,1,49.6
55680,FVB,a,CAC12,M,WT,26,38,3454,56,3379,6656,0.4,2,51.2
55681,FVB,a,CAC12,M,HET,28.7,46.3,4213,178,2885,4919,1.2,3,101.8
55682,FVB,a,CAC12,M,HET,26.9,53.3,4738,239,3813,11118,51.5,4,90.9
55683,FVB,a,CAC12,M,WT,26.5,36.5,6554,165,7389,8826,4.8,5,76.4
55684,FVB,a,CAC12,F,HET,19.9,44,5940,208,3940,13268,77.5,1,21.3
55685,FVB,a,CAC12,F,WT,18.8,38,6441,81,4689,8454,9.6,2,46.1
55686,FVB,a,CAC12,F,HET,21,41.5,3830,185,4177,8628,31.4,3,91.4
55687,FVB,a,CAC12,F,HET,20.9,37.5,4134,100,3657,7632,3.4,4,43.5
55688,FVB,a,CAC12,F,WT,20.3,42.6,3554,42,3404,4484,25.6,5,20.9
55689,LP,a,CAC12,F,WT,21.9,36,1547,5,1005,219,15.3,1,6.2
55690,LP,a,CAC12,F,HET,21.6,36,4571,27,3852,1387,120.5,2,5.3
55692,FVB,a,CAC13,M,HET,27.2,37.4,5312,182,3192,17217,11.5,1,58.2
55693,FVB,a,CAC13,M,WT,28.3,33.4,4393,46,3908,15981,14.6,2,2.7
55694,FVB,a,CAC13,M,WT,27.5,34.4,6208,223,5769,20831,15,3,3.2
55695,FVB,a,CAC13,M,WT,27.6,38.9,4494,114,4365,20287,44.6,4,63.6
55696,FVB,a,CAC13,F,WT,20.8,41.9,9117,338,9520,19891,29.8,5,25
55697,FVB,a,CAC13,F,WT,20.7,41.6,6590,210,6225,11283,0.7,1,28
55698,FVB,a,CAC13,F,HET,22,36.9,6741,118,7219,22742,3.5,2,26
55701,DDY,b,CAC13,M,WT,32.1,43,3856,137,3943,17077,13.6,3,57.1
55702,DDY,b,CAC13,M,WT,31.7,51.3,5126,36,3864,16629,46.4,4,189.5
55703,DDY,b,CAC13,M,WT,33.9,52.4,5137,81,5860,22120,31.8,5,61.9
55704,DDY,b,CAC13,M,HET,35.1,38.6,3054,18,2148,23279,0.2,1,20.3
55705,DDY,b,CAC13,M,WT,31.7,48,4453,45,4514,19072,56.7,2,84
55709,SEA,a,CAC13,F,HET,18.3,43.6,7272,109,6273,15496,14.8,3,57.4
55710,SEA,a,CAC13,F,HET,20.7,34.2,7171,199,8032,14021,9.9,4,24.7
55717,NZB,b,CAC13,F,WT,22.4,32.7,4615,89,4328,20869,108,5,69.3
55718,NZB,b,CAC13,F,WT,23,40.7,5425,175,4919,16542,26.3,1,34.3
55722,NZB,b,CAC13,F,WT,23.7,25.9,5399,129,4872,10860,13.9,2,41.8
55723,NZB,b,CAC13,F,WT,23.8,34.2,4634,93,3601,12420,0,3,53.3
55725,MA,a,CAC13,M,HET,22,38,5652,78,6564,7699,94.8,4,28.1
55726,MA,a,CAC13,M,WT,24.2,38.4,6674,138,6924,11583,27.5,5,21.3
55727,MA,a,CAC13,M,WT,23.7,48.6,5819,133,7766,11570,47.4,1,11.3
55728,MA,a,CAC13,M,WT,22.3,42.7,6522,173,7136,5236,65.6,2,10.8
55729,MA,a,CAC13,M,WT,22.8,42.5,6911,282,4981,12506,43.2,3,57.6
55730,MA,a,CAC13,F,HET,18.5,48,3901,87,2261,13394,10.2,4,20.7
55731,MA,a,CAC13,F,WT,17.5,34.8,6543,167,4211,12600,35.2,5,16.4
55733,MA,a,CAC13,F,HET,17.9,24.6,4267,28,4156,5647,15.6,1,10.5
55734,B6,b,CAC13,F,HET,16.9,21.4,4229,37,3891,19081,61.9,2,8.4
55735,B6,b,CAC13,F,HET,16.4,14.7,3972,85,3248,18920,30.8,3,54.2
55736,B6,b,CAC13,F,HET,17.7,55.6,4462,96,4431,24681,68.3,4,30.6
55737,B6,b,CAC13,F,WT,16.4,47.5,6076,281,5628,15471,41.7,5,33.8
55744,LP,a,CAC13,M,WT,30,37.9,7457,75,7665,15455,58.4,1,12.9
55745,LP,a,CAC13,M,WT,32.1,47.6,4398,190,3266,11359,80.2,2,4.8
55746,CBA,a,CAC13,M,WT,25.1,38.1,7556,135,8082,15157,1.7,3,168.4
55747,CBA,a,CAC13,M,HET,24.7,43.9,4167,188,4407,5363,2.6,4,154.3
55748,CBA,a,CAC13,M,WT,25.4,43.9,6827,232,7097,24048,19.6,5,112.7
55749,CBA,a,CAC13,M,HET,25.7,47.9,5449,249,5261,13730,7.6,1,75.5
55750,CBA,a,CAC13,M,WT,21.3,44.9,5650,148,6395,11696,47.6,2,73.1
55751,CBA,a,CAC13,M,WT,22.9,44.1,7380,201,6029,13693,34.5,3,117.5
55752,NOD,a,CAC13,M,WT,27,51.5,7468,139,5853,20379,25.1,4,64
55753,NOD,a,CAC13,M,HET,26.9,30.6,5890,99,6627,6814,17.2,5,13.1
55754,NOD,a,CAC13,M,WT,25.4,46.4,8168,251,8009,18078,39.6,1,46.1
55755,NOD,a,CAC13,M,HET,26.9,37.5,6298,82,4983,10864,0.4,2,12
55756,NOD,a,CAC13,M,HET,26.4,36.4,7616,214,5978,10402,11.9,3,36.5
55757,NOD,a,CAC13,M,WT,27.6,22.7,6247,232,6833,16141,10.9,4,20.2
55758,NOD,a,CAC13,M,WT,26.1,35.1,8645,175,8133,10557,25.3,5,22.1
55759,NOD,a,CAC13,M,HET,24.9,43.8,6255,74,6728,11835,35.1,1,15
55760,NOD,a,CAC13,F,WT,20.4,32.7,4809,122,5557,14802,55,2,10.8
55761,NOD,a,CAC13,F,HET,19.6,4.5,3340,35,3736,4617,38.3,3,39.3
55762,SWR,a,CAC14,M,WT,24.4,35.7,4851,204,4355,13900,25,1,17.1
55763,SWR,a,CAC14,M,WT,24.7,46.6,5312,173,NA,NA,4.6,2,31
55766,SWR,a,CAC14,F,WT,17.7,40.5,5583,222,5543,21838,1.6,3,51.8
55767,SWR,a,CAC14,F,WT,17,45.7,6799,250,6137,20866,2.3,4,23
55770,C58,b,CAC14,M,WT,24.1,33.8,6794,97,6405,10620,10.3,5,6.5
55771,C58,b,CAC14,M,HET,22.3,51.3,5060,82,5303,8982,28,1,6.5
55772,C58,b,CAC14,M,HET,25.9,46,3070,48,8621,9874,1.2,2,9.3
55773,C58,b,CAC14,M,HET,22.4,83.2,6173,129,6256,11352,28.8,3,48.5
55774,CBA,a,CAC14,M,WT,25.2,48.5,7003,348,7085,15318,18.9,4,84.6
55775,CBA,a,CAC14,M,WT,24.8,51.3,8898,202,8398,12483,36,5,150.2
55776,CBA,a,CAC14,M,HET,22.4,38.6,3741,191,5004,11093,1.3,1,35.3
55777,CBA,a,CAC14,F,WT,20.7,49.3,6114,135,5791,3818,21.3,2,54.8
55778,CBA,a,CAC14,F,WT,19,36.6,5060,202,5207,17497,21.2,3,78.3
55781,C58,b,CAC14,M,WT,20.9,54.6,7267,109,4999,27265,2,4,11.6
55783,C58,b,CAC14,M,WT,23,50,9027,300,7070,18588,4.9,5,7.4
55784,SM,a,CAC14,M,WT,22.1,30.7,7644,134,7838,11117,4.6,1,103.1
55785,SM,b,CAC14,M,WT,27.4,39.1,7226,206,7845,12903,6.5,2,79.1
55792,NOD,a,CAC14,F,WT,20.1,44.7,6508,310,6689,18416,97.4,3,56.8
55793,NOD,a,CAC14,F,HET,19.5,36.4,3073,220,3338,4400,12.6,4,17.3
55796,MRL,b,CAC14,M,WT,36.5,31.5,3913,122,5013,18102,38.8,5,68.3
55797,MRL,b,CAC14,M,HET,38.7,30.8,3548,132,1112,9904,21.3,1,40.5
55798,MRL,b,CAC14,F,WT,31.6,40.3,5015,106,3804,2311,94.5,2,32.8
55799,MRL,b,CAC14,F,HET,27.5,43.4,311,3,3112,8722,3.1,3,75.2
55801,MRL,b,CAC14,F,HET,27.9,45.2,4378,167,3749,9848,3,4,36
55802,DDY,b,CAC14,F,HET,25.5,31.1,2798,21,2267,13850,3,5,35.8
55803,DDY,b,CAC14,F,WT,22.3,41.5,6064,103,4885,22605,9.7,1,40.5
55804,DDY,b,CAC14,F,HET,23.6,6,1811,3,1262,584,0,2,14.1
55805,DDY,b,CAC14,F,WT,23,38.4,3957,17,3183,27015,131.9,3,62.2
55810,SM,b,CAC14,M,HET,24.7,30.6,6127,86,6391,9077,7,4,150.5
55811,SM,b,CAC14,M,HET,22,40.6,7575,136,6504,6330,22.3,5,118.4
55812,SM,b,CAC14,F,WT,15,27.7,9350,130,9872,18459,30.4,1,28.1
55813,SM,b,CAC14,F,HET,16.8,35.5,6676,57,7185,13729,57.7,2,25.8
55814,BKS,b,CAC14,M,WT,24,38.6,3195,84,2915,3982,46.2,3,55
55815,BKS,b,CAC14,M,HET,26.1,27.9,2427,36,2131,6709,0.5,4,19.4
55816,BKS,b,CAC14,F,HET,19.1,60.2,3109,37,1902,-1397,3.1,5,5.7
55817,BKS,b,CAC14,F,HET,18,38.9,1722,38,2165,2282,63,1,14.3
55818,BKS,b,CAC14,F,WT,17.7,35.9,4156,115,3117,4781,5.1,2,25.9
55822,MRL,b,CAC14,F,WT,26.7,34.8,5224,80,3384,11757,23.9,3,107.5
55823,MRL,b,CAC14,F,HET,26.2,38.7,2730,6,1658,8621,8.6,4,55.8
55824,MRL,b,CAC14,F,HET,25.7,30.4,3854,14,2820,9895,56.8,5,33.7
55825,ILN,b,CAC14,F,HET,21.4,35.5,4930,3,3931,11308,0,1,83.2
55826,ILN,b,CAC14,F,HET,21.9,13.2,2755,0,1904,-32,40.9,2,43.9
55827,BKS,b,CAC14,F,HET,18.6,5.2,1523,5,735,3520,0.5,3,65.1
55828,BKS,b,CAC14,F,WT,18.9,30.3,3051,41,2935,6417,21.9,4,34.5
55829,BKS,b,CAC14,F,WT,17.5,46.3,2111,29,837,3732,73.1,5,15.7
55830,BKS,b,CAC14,F,HET,17.8,28,1714,19,2046,5307,0.1,,NA
55831,BKS,b,CAC15,M,HET,23.3,37.9,2772,50,2288,7658,74.4,1,12.5
55832,BKS,b,CAC15,M,WT,18.1,42.6,3345,136,3007,5592,21.4,2,21.1
55833,BKS,b,CAC15,M,WT,24.4,NA,3330,107,3344,12918,50.4,3,55.3
55834,BKS,b,CAC15,F,WT,16.6,32.4,3371,106,2593,11085,12.6,4,20.3
55835,BKS,b,CAC15,F,WT,17.8,51.1,4416,108,5242,10075,8.6,5,19.1
55836,BKS,b,CAC15,F,WT,19,36.6,4211,100,3656,5764,21,1,19.3
55841,SM,b,CAC15,M,WT,24.9,41,8028,134,8122,11806,3.2,2,52.5
55842,SM,b,CAC15,M,HET,21.9,49.6,6712,171,6620,14097,8.6,3,87.6
55843,SM,b,CAC15,F,HET,15.4,40.7,6134,75,5697,11288,4.9,4,66.9
55844,SM,b,CAC15,F,WT,15,49.8,8670,184,9261,15322,1.6,5,33.5
55845,NOD,a,CAC15,F,WT,21.3,14.7,5057,50,4473,16977,72.3,1,11.4
55846,NOD,a,CAC15,F,HET,20,29.4,2968,17,1584,11895,0,2,10.1
55849,BKS,b,CAC15,M,WT,25.6,45.2,3250,116,2897,-1001,21.8,3,65.5
55850,BKS,b,CAC15,M,HET,25.5,24.1,2510,38,2164,12071,1.3,4,19.2
55851,BKS,b,CAC15,M,HET,24.1,40.3,2557,25,2229,5657,25.4,5,37
55852,BKS,b,CAC15,M,HET,25.3,42.7,3044,58,2684,-2282,12.8,1,17.2
55856,MRL,b,CAC15,M,HET,38.9,71,6977,47,5818,-5726,45.6,2,40.5
55857,MRL,b,CAC15,M,HET,38.8,33,5439,65,4013,8166,0,3,75.7
55858,MRL,b,CAC15,M,HET,39.6,9.8,2884,11,2791,7509,23.6,4,NA
55861,BUB,b,CAC15,F,HET,22,18.9,1463,5,143,-130,29.1,5,19.9
55862,BUB,b,CAC15,F,HET,23.2,32.9,4458,148,5224,-4894,89.6,1,10.6
55863,ILN,b,CAC15,M,HET,28.1,40.4,4497,74,3846,3242,23.9,2,65.8
55864,ILN,b,CAC15,M,WT,24.9,20.6,4878,117,4109,26,14.1,3,141.1
55865,ILN,b,CAC15,M,WT,26.5,24.4,5880,66,5048,7206,31.5,4,176
55866,ILN,b,CAC15,M,HET,25.5,41,4627,53,3340,9483,45.6,5,33.8
55867,ILN,b,CAC15,M,WT,27.7,39.7,4402,114,3813,4646,82.3,1,82.7
55868,ILN,b,CAC15,F,WT,21.7,14.4,4594,114,3507,13477,114.1,2,38.5
55869,ILN,b,CAC15,F,HET,20.3,37.7,3821,32,2635,2471,25.7,3,62.8
55872,CBA,a,CAC15,M,WT,26,45.6,7030,242,6063,3687,10,4,115
55873,CBA,a,CAC15,M,HET,23.9,48.5,1845,19,4279,1663,2.5,5,103.2
55874,CBA,a,CAC15,F,HET,19.6,62.3,4718,224,5468,8999,2.3,1,32.4
55875,CBA,a,CAC15,F,HET,20.8,27,5953,146,5894,8551,2.2,2,37.7
55876,CBA,a,CAC15,F,WT,18.8,50,4476,156,5501,6630,1.3,3,85.8
55880,ILN,b,CAC15,M,WT,23.7,41.8,6267,157,4826,6300,44.7,4,86.8
55881,ILN,b,CAC15,M,HET,24.9,13.9,5044,98,4224,5620,24,5,99.5
55882,ILN,b,CAC15,M,WT,25,21.8,6884,126,5635,5105,28,1,64.3
55883,ILN,b,CAC15,F,WT,18.7,47,5599,79,6195,14728,48.7,2,65.3
55884,ILN,b,CAC15,F,HET,19.9,15.1,1174,9,1275,5707,174.3,3,80.5
55885,ILN,b,CAC15,F,HET,21.9,19.1,4484,24,4292,8956,21.3,4,75.8
55886,ILN,b,CAC15,F,HET,18.9,34.2,4610,33,4688,10861,99.8,5,72
55887,ILN,b,CAC15,F,WT,19.6,49.6,6000,56,5388,5494,99.7,1,45.5
55888,ILN,b,CAC15,F,WT,20,47.7,3130,62,2940,9827,107.8,2,69.3
55893,DDY,b,CAC15,F,WT,26.6,45.3,7125,140,324,-196,72.8,3,96.9
55894,DDY,b,CAC15,F,HET,24,32.6,3028,8,1325,7538,131.7,4,127.5
55895,DDY,b,CAC15,F,HET,24.6,40.8,3936,49,2578,14470,59,5,55.6
55896,DDY,b,CAC15,F,HET,27.4,34.3,2891,40,1675,12270,82,,NA
55897,FVB,a,CAC16,M,HET,28.5,42.3,4845,132,3680,16903,15.9,1,16
55898,FVB,a,CAC16,M,HET,27.8,38.2,4326,122,2587,18362,0.5,2,71
55899,FVB,a,CAC16,M,WT,26.7,35.8,2613,29,3629,22615,16.6,4,45.7
57001,ILN,b,CAC16,M,HET,29.4,23.3,3794,27,1609,3472,27.2,5,122.4
57002,ILN,b,CAC16,M,HET,30.3,41.6,2841,16,3092,6534,25,1,80.4
57003,ILN,b,CAC16,M,HET,29.7,14.8,3384,54,2932,2762,42.8,2,88
57004,ILN,b,CAC16,M,WT,26.9,17.9,7416,217,2429,10465,6.3,4,124.5
57006,NOD,a,CAC16,F,HET,18,43.3,6241,88,3007,20549,6.8,5,11.8
57007,NOD,a,CAC16,F,HET,17.3,49.3,5144,83,2485,9084,0,1,14.2
57016,B6,b,CAC16,M,WT,24.5,30.4,4012,106,1837,8263,35.1,2,11.9
57017,B6,b,CAC16,M,HET,23.8,28.6,2745,69,1710,1657,27.5,4,11.5
57018,B6,b,CAC16,M,HET,24.7,33.3,2521,15,2110,17922,6.5,5,23.8
57024,LP,a,CAC16,M,HET,32.6,38.5,1480,5,118,1675,130.9,1,9.9
57025,LP,a,CAC16,M,HET,30.8,35,4847,130,4199,6122,103.9,2,7.1
57026,LP,a,CAC16,M,HET,32.4,34.5,3071,36,1532,12421,12.1,4,8.2
57027,LP,a,CAC16,F,HET,22.7,25.3,5608,60,4644,3418,48.1,5,9.9
57028,LP,a,CAC16,F,WT,22.4,46.9,4693,148,5062,21634,111.7,1,7.6
57029,CBA,a,CAC16,M,HET,29.1,40.2,5590,404,5568,10274,1.6,2,189.5
57030,CBA,a,CAC16,M,WT,23.6,49.4,8058,253,8139,15201,30.4,4,105.5
57033,DDY,b,CAC16,M,WT,33,52.3,2298,26,2785,19844,65.1,5,173.8
57034,DDY,b,CAC16,M,WT,32.5,52.4,2132,22,2660,22861,13.2,1,152.7
57035,DDY,b,CAC16,M,HET,36.7,52.5,2755,26,1702,7662,0.5,2,43.8
57036,DDY,b,CAC16,F,HET,32.1,40.1,5921,34,3640,18251,6.2,4,20.7
57037,DDY,b,CAC16,F,WT,21.7,48.9,4744,84,2579,31713,20.7,5,125
57038,LP,a,CAC16,M,WT,28.2,42.9,5933,90,3777,16191,57.3,1,6.2
57039,LP,a,CAC16,M,HET,27.1,41.7,5857,221,4311,6304,8.3,2,6.4
57040,DDY,b,CAC16,M,HET,NA,42.3,3347,55,1544,8502,24.7,4,29.4
57042,DDY,b,CAC16,M,HET,NA,35.8,5571,119,4610,17686,47.1,5,48.6
57043,DDY,b,CAC16,F,WT,NA,42.3,6867,93,6107,26006,20.4,1,54.5
57044,DDY,b,CAC16,F,WT,NA,29.8,4777,19,3351,26452,71.6,2,64.1
57047,SWR,a,CAC16,M,HET,24.5,38.4,5029,194,5291,16196,0.5,4,38.9
57049,SWR,a,CAC16,M,HET,25,46.5,3366,63,3271,17292,3.1,5,56.2
57055,LP,a,CAC16,F,HET,22.4,45.7,4237,79,2873,7143,11.6,1,6.5
57056,LP,a,CAC16,F,HET,23.1,31.8,3135,0,502,2351,6.2,2,5
57057,LP,a,CAC16,M,WT,28.8,46.3,3946,123,2520,8854,150.3,4,18
57058,LP,a,CAC16,M,HET,31.2,22.5,4323,56,1310,2465,113.3,5,21.9
57059,LP,a,CAC16,M,WT,28.5,44.7,4765,155,2670,8104,87.4,1,8.3
57060,LP,a,CAC16,F,HET,21.8,29.7,4287,51,3020,-805,78,2,3.8
57061,LP,a,CAC16,F,WT,20.7,53.7,3829,22,2982,5388,79.4,4,5.3
57062,SWR,a,CAC16,M,HET,24.5,45.1,5123,188,4457,15417,0,5,51.9
57063,SWR,a,CAC16,M,WT,26.4,49.8,6209,193,3738,14274,0,1,22.5
57066,SWR,a,CAC16,F,HET,19.6,36.2,3902,126,3275,12393,0,2,7.7
57067,SWR,a,CAC16,F,HET,18.9,42.9,5896,171,4081,8478,0,4,12.8
57068,SWR,a,CAC16,F,HET,18.4,43,4014,122,3071,14132,0,5,42.3
57079,SWR,a,CAC16,F,HET,20.6,40.4,2561,37,2665,14632,0.7,1,7.5
57082,SWR,a,CAC16,F,HET,19.2,41.3,4428,32,3607,11108,12.1,2,15.8
57083,DDY,b,CAC16,M,HET,35.4,48.8,3684,86,2915,11219,9.2,4,43.7
57085,DDY,b,CAC16,M,WT,35,45.5,4276,145,4302,23216,8.3,5,139
