id,strain,littersize,group,sex,TCF7L2,coatcolor,bw2,centerduration,totalactivity,FCtimeofday,d1tone,d2context,d3tone,PPIbox,PPI6,PPIstartle,immobdur,fastglucose,bw3,baseglucose
49978,NZB,6,1A,M,WT,black,32.2,183.3,1902,AM,0,99.3,77.2,1,56.1,25.6,88.2,NA,38.9,80
49979,NZB,6,1A,M,HET,black,29,0.4,945.3,AM,0,42.4,92.9,2,44.2,50.8,89.2,NA,36,141
49980,NZB,6,1A,M,HET,black,30,12.9,926.2,AM,9.43,10.3,82.1,3,4.1,73.3,20.6,NA,35.9,114
49981,NZB,6,1A,F,HET,black,23.4,224.6,1418.2,AM,12.99,22.4,72.8,4,58.1,42.6,68.1,NA,29.7,99
49982,NZB,6,1A,F,HET,black,25,35.5,3135.4,AM,24.56,25.4,94.6,5,29.6,74.5,NA,NA,30,95
49983,NZB,6,1A,F,WT,black,27.3,139,3915.4,AM,3.13,26.2,62.1,1,45.1,11.2,NA,NA,32.1,110
50901,NON,4,1A,M,WT,agouti,37.9,93.1,3724.7,AM,2.68,1.6,13.4,2,54.1,45.3,NA,NA,51.1,155
50902,NON,4,1A,M,WT,agouti,37.4,107.5,2882.6,AM,2.68,1.8,25.5,3,62.6,29.8,NA,NA,50.7,137
50903,NON,4,1A,F,HET,agouti,25.7,7.5,3223.4,AM,1.79,0.7,8.5,4,29,42.9,NA,NA,30.5,108
50904,NON,4,1A,F,HET,agouti,26.7,9.5,2120.5,AM,0,3,21,5,39.8,34.8,NA,NA,31.8,118
50905,CBA,6,1A,M,HET,agouti,26.8,34.5,2049.6,AM,0.9,2.3,9.8,1,80.1,76,NA,NA,34.6,128
50906,CBA,6,1A,M,WT,agouti,29.9,182.7,4282.1,AM,2.68,10.2,18.8,2,56.1,95.4,NA,NA,41.3,133
50907,CBA,6,1A,M,HET,agouti,27.5,102.2,2678.8,AM,2.68,1.6,25.5,3,24.9,107.5,77.2,NA,31.6,119
50908,CBA,6,1A,F,HET,agouti,21.1,48,2145.5,AM,4.47,23,12.1,4,73.6,79.3,14.4,NA,23.2,89
50909,CBA,6,1A,F,WT,agouti,21.5,84.3,4457.1,AM,10.27,1.4,47.8,5,67.6,89.7,121.8,NA,27.3,127
50910,CBA,6,1A,F,WT,agouti,21.7,136.6,5343.9,AM,0,3.6,2.2,1,60.6,80.8,25.5,NA,27.8,111
50911,57L,3,1A,M,WT,black,32.9,254.4,4878.8,AM,4.92,8.6,61.6,2,27.8,10.5,108.5,NA,43.9,109
50912,57L,3,1A,M,HET,black,34.7,82.4,4846.9,AM,3.57,13.7,16.5,3,59,37.2,89.4,NA,42,128
50913,57L,3,1A,M,WT,black,34.3,122,4459.3,AM,1.79,4.1,16.5,4,61.7,38.5,89.1,NA,43,141
50914,SM,6,1A,M,HET,black+tan,26,66.3,7223.4,AM,8.48,11.7,35.7,5,50.3,129.1,77.9,NA,38.9,100
50915,SM,6,1A,M,WT,black+tan,26.8,183.5,8001.9,AM,0.9,0.9,18.3,1,50,90,14.2,NA,39,157
50916,SM,6,1A,M,WT,black+tan,25.4,131.1,7226.6,AM,0,2.5,8.5,2,25,142.9,22.3,NA,39.4,115
50917,SM,6,1A,M,WT,black+tan,26.2,229.3,6454,AM,0.9,5.5,50.5,3,34.3,59.7,18.5,NA,39.6,169
50918,SM,6,1A,F,WT,black+tan,20.2,121.9,6793,AM,0,0.2,44.7,4,48.2,97.7,70.1,NA,26,114
50919,SM,6,1A,F,HET,black+tan,19.3,110.1,8521.3,AM,2.68,3.6,26.3,5,70,95.2,112.8,NA,24.1,152
50920,57L,6,1A,M,HET,black,28.1,65.7,4786.6,AM,0.9,0.9,5.4,1,38.5,23.3,44.1,NA,29.9,143
50921,57L,6,1A,M,HET,black,28.3,102.7,3927.3,AM,1.34,1.1,21,2,57.6,21.8,18.1,NA,31,131
50922,57L,6,1A,F,WT,black,19.5,112.3,5390.7,AM,17.42,8.5,45.5,3,69.2,29.9,136.3,NA,23.2,113
50923,57L,6,1A,F,WT,black,20.1,258.3,4565.9,AM,2.68,11.6,35.3,4,32.6,19.6,45,NA,25,99
50924,57L,6,1A,F,WT,black,20.7,262.9,7568.8,AM,1.79,0.5,50.5,5,69.5,30,56.7,NA,23.9,107
50925,57L,6,1A,F,WT,black,21.7,205.7,4437.1,AM,3.13,23.7,52.7,1,42.8,10.6,175.9,NA,28.3,100
50926,LP,7,1A,M,WT,agouti,28,23.3,3015.6,AM,6.25,47.2,33,2,48.3,11.3,168.5,NA,34,138
50927,LP,7,1A,M,WT,agouti,28,10.9,1988.6,AM,7.59,87,84.8,3,-15.3,7,153.9,NA,35.5,99
50928,LP,7,1A,M,WT,agouti,28.8,31.3,2701.8,AM,1.79,47.2,70.5,4,39.5,16.1,168.2,NA,35.8,116
50929,LP,7,1A,F,HET,agouti,19.2,6.6,887.6,AM,1.79,67.1,37.5,5,59,14.8,195.5,NA,21.6,96
50930,LP,7,1A,F,HET,agouti,18.8,2.7,892.9,AM,1.34,34.3,59.8,1,9,6.3,178.9,NA,20.8,116
50931,LP,7,1A,F,WT,agouti,21.1,5.7,1463.4,AM,2.68,36.4,51.8,2,51.2,7.4,146.3,NA,25.2,135
50932,LP,7,1A,F,HET,agouti,20.6,20.5,3358.8,AM,2.68,42.1,50.5,3,32.2,10.7,170.8,NA,22.8,127
50933,PL,6,1A,M,HET,agouti,24,14.8,4383.7,AM,0.45,2.3,1.3,5,56.1,17.8,57.8,NA,26.7,79
50934,PL,6,1A,M,WT,agouti,24.5,71.2,3219.7,AM,0.45,3.9,24.6,1,35.4,15.5,20.7,NA,31,151
50935,PL,6,1A,M,WT,agouti,23.2,34.2,3358.2,AM,4.91,54.1,60.3,2,69.7,13.5,66.3,NA,29.3,140
50936,PL,6,1A,M,WT,agouti,25.9,133.9,3765.3,AM,4.47,5.9,44.7,3,31.3,21.6,25.7,NA,29.6,131
50937,PL,6,1A,M,WT,agouti,25.6,223.6,4225.2,AM,0.45,2.7,10.3,4,57.9,28.6,21,NA,32.6,135
50938,SEA,8,1B,M,WT,agouti,31.1,255.9,6074.1,AM,0,3.2,27.7,1,53.9,23,76.8,62,42,128
50939,SEA,8,1B,M,HET,agouti,28.9,67,5605.8,AM,0,0.2,0,2,62.2,21.8,73.2,78,32.4,108
50940,SEA,8,1B,F,WT,agouti,23.6,156,5126.3,AM,0,1.8,5.8,3,27,21.9,80.2,38,29.2,89
50941,SEA,8,1B,F,WT,agouti,21.6,113.3,5705.2,AM,0,4.3,11.6,4,66.7,33.3,89.8,47,28.1,100
50942,SEA,8,1B,F,HET,agouti,18.3,103.1,4949.9,AM,0.45,4.1,1.3,5,70.1,31.5,63.2,37,22.6,76
50943,SEA,8,1B,F,WT,agouti,22.6,231.8,5723.2,AM,0,8,1.3,1,16,12.3,44.4,41,27.2,118
50944,SEA,8,1B,F,WT,agouti,20.5,134.3,5824.3,AM,0.9,5.9,7.6,2,64.7,22.7,47.7,50,25.7,85
50945,SEA,10,1B,M,WT,agouti,29.4,153,4321.1,AM,0,2.7,1.8,3,24.4,26.3,25.9,40,40,152
50946,SEA,10,1B,M,HET,agouti,24.8,85.9,6558.1,AM,0,1.8,4.5,4,74.1,84.1,43.8,48,32.3,113
50947,SEA,10,1B,M,HET,agouti,24.6,33.1,5764.9,AM,0.45,0.4,0,5,59.3,28.5,33.4,65,33.2,117
50948,SEA,10,1B,M,WT,agouti,27.7,195.7,4836.6,AM,1.79,5.3,4.9,1,21.7,47.3,27.9,62,40.9,130
50949,SEA,10,1B,M,WT,agouti,27,312.9,10258.6,AM,0,0.4,1.3,2,61.2,22.5,72.8,63,39.2,128
50950,SEA,10,1B,F,WT,agouti,21.5,167.3,4775.4,AM,4.46,9.1,0.5,3,54.3,29.3,102.8,32,28.3,87
50951,SEA,10,1B,F,WT,agouti,22.2,174.6,6662.5,AM,5.36,0.4,2.2,4,17.5,24.2,45.6,21,25.5,93
50952,SEA,10,1B,F,WT,agouti,20.3,217,5445.3,AM,1.79,0.4,4.5,5,43.2,22.1,44.3,39,26.8,137
50953,SEA,10,1B,F,HET,agouti,19.9,127.1,6618.1,AM,0.45,2.9,1.8,1,46.8,14.5,48.3,25,24.2,137
50954,SEA,10,1B,F,HET,agouti,20,91.5,10561,AM,0.9,3.9,3.1,2,57.4,16.4,26.9,25,25,103
50955,SM,4,1B,M,WT,black+tan,30.6,252.2,6453.3,AM,0.9,16.7,6.7,3,25.1,103.8,32.1,107,41.7,178
50956,SM,4,1B,M,HET,black+tan,27.6,72.5,7791.3,AM,0.9,6.1,3.6,4,41,201.9,91.5,75,38.5,175
50957,SM,4,1B,M,WT,black+tan,29.3,143.4,6386.6,AM,0,7.7,10.3,5,40.5,195.8,38.7,80,42.3,201
50958,PL,5,1B,F,HET,agouti,20.7,66.5,4744.5,AM,5.36,20.3,20.5,1,29.3,10.8,65,46,22.5,124
50959,PL,5,1B,F,HET,agouti,20.7,46.6,3257.9,AM,4.02,50,4,2,22.8,10.3,170.4,39,20.5,137
50960,PL,5,1B,F,WT,agouti,20.6,142.9,3847.7,AM,0.9,19.6,8.9,3,41.7,13.6,64.2,41,23.8,110
50961,PL,5,1B,F,HET,agouti,19.7,107,3572.2,AM,4.47,11.7,22.8,4,26.3,18.2,149,38,21.1,104
50962,SJL,3,1B,F,WT,agouti,20.8,72.4,4874.7,AM,5.36,68.3,76.3,5,46.4,37.9,120.7,55,23.7,101
50963,SJL,3,1B,F,HET,agouti,20.7,32.7,3597.1,AM,1.34,74.2,13,1,30.4,15,146.2,43,22.6,103
50964,NZW,7,1B,M,WT,agouti,34.3,111.1,4097.1,AM,0,3,4.5,2,44.3,117.4,96,98,40.1,157
50965,NZW,7,1B,M,HET,agouti,32.6,42,3289.2,AM,1.34,21.4,31.3,3,44.2,77.8,74.4,66,36,113
50966,NZW,7,1B,F,WT,agouti,27.1,99.4,3910.4,AM,0.9,12.6,88,4,37.5,102.9,126.1,45,35.7,118
50967,NZW,7,1B,F,WT,agouti,25.4,87.4,3307.6,AM,3.13,51.8,71.9,5,28.4,69.9,118.9,61,30.7,111
50968,NZW,7,1B,F,HET,agouti,25.8,28.4,2898.3,AM,1.34,26,39.3,1,53.2,23.5,136.3,67,29,116
50969,NZW,7,1B,F,HET,agouti,24.6,123.4,3803.5,AM,0.45,42.7,46.4,2,29.5,67.3,82.3,55,30.5,107
50970,NZW,7,1B,F,WT,agouti,26,48.9,3071.3,AM,1.79,90.2,95.5,3,28.3,46.5,100.4,66,31.5,94
50971,NZB,6,1B,M,HET,black,30,32.6,5203.7,AM,0.45,25.4,42.9,4,23.7,129.2,79.6,56,35.2,132
50972,NZB,6,1B,M,HET,black,28.9,55.2,4611.2,AM,0.45,12.8,42.9,5,49.9,116.5,56.5,61,34.2,146
50973,NZB,6,1B,M,HET,black,29.3,56.2,5440.7,AM,7.59,8.7,1.3,1,43,96,37.1,51,36.6,141
50974,NZB,6,1B,F,HET,black,22.3,15.9,3345,AM,0.45,10.9,31.3,2,34.3,50.1,34.1,44,27.3,87
50975,NZB,6,1B,F,HET,black,21.5,102.6,2309.9,AM,2.23,91.6,44.6,3,-2.9,53.6,84.1,46,25.4,116
50976,NZB,6,1B,F,WT,black,21.7,98.2,6043.1,AM,11.61,88.6,83.9,4,28.7,23.5,18.7,46,28.8,128
50978,NON,4,1B,M,HET,agouti,31.9,48.4,3950.1,AM,0.45,6.6,0.5,5,49.8,35.6,141,35,36.2,132
50979,NON,4,1B,M,HET,agouti,34.8,17.9,4187,AM,0,4.5,4,1,40.5,15.8,51.3,46,42.8,121
50980,NON,4,1B,M,HET,agouti,33.7,5.1,3227.2,AM,1.34,0.4,4,2,21.6,11.2,66,69,42.6,159
50982,CBA,6,2A,M,WT,agouti,27,279.1,4977.2,AM,3.57,8.7,8.9,1,46.5,66.3,28.5,80,32.7,122
50983,CBA,6,2A,M,HET,agouti,25.6,102.9,5651.5,AM,1.79,3.6,14.7,2,68.8,107.6,17.5,66,33.2,133
50984,CBA,6,2A,M,HET,agouti,26.1,116.4,4300,AM,0.45,1.8,3.1,3,3.8,69.8,40.1,64,33.6,129
50985,CBA,6,2A,F,HET,agouti,20.6,228,5486.7,AM,1.79,4.5,9.4,4,47.8,84.9,33.1,76,24.8,124
50986,CBA,6,2A,F,WT,agouti,21.4,136.6,5538.8,AM,1.79,1.6,12.9,5,63.3,82.6,46.3,75,26.3,150
50987,CBA,6,2A,F,HET,agouti,21.9,113.3,4645.3,AM,0.45,5.9,3.8,1,63.9,34.3,13.8,54,21.8,117
50988,SJL,6,2A,F,WT,agouti,19.9,80.1,5607.5,AM,2.24,69.8,51.7,2,18.3,19.3,84.1,43,23.2,143
50989,SJL,6,2A,F,HET,agouti,19.7,28.8,2745.6,AM,0.45,38.9,18.9,3,47.2,48.2,89.6,41,21.2,126
50990,SJL,6,2A,F,WT,agouti,21,85,3969.4,AM,4.02,81,18.3,4,58.4,38.9,8.6,47,24.9,111
50991,SJL,6,2A,F,HET,agouti,19.8,60.3,4766.1,AM,0,32,29.5,5,71.4,40.3,50,37,21.6,125
50992,SJL,6,2A,F,HET,agouti,17.1,36.5,2970.3,AM,13.84,39.5,15.6,1,33.4,9.7,43.1,42,20.1,102
50993,C58,4,2A,F,HET,black,18.1,65.7,6804.5,AM,6.7,13.2,1.3,2,45.7,8.4,24,63,22.5,117
50994,C58,4,2A,F,HET,black,18.3,163.3,6719.4,AM,4.02,19.8,9.4,3,22.3,8,1.9,71,21.1,113
50995,C58,4,2A,F,WT,black,19.7,185.9,6992.3,AM,4.02,13,26.8,4,48.9,24.8,70.7,66,22.6,141
50996,ILN,8,2A,M,HET,black+reddish,28.3,9.3,3263.8,AM,9.82,16.9,33.9,5,23.6,10.9,97.1,73,31.3,136
50997,ILN,8,2A,M,HET,black+reddish,27.2,33.4,5831.5,AM,0,3.9,7.6,1,47.9,51,81.3,49,30.4,164
50998,ILN,8,2A,M,HET,black+reddish,28.9,6.4,5285.4,AM,2.69,7.3,1.8,2,41.2,94.5,33.8,72,32.1,161
50999,ILN,8,2A,F,WT,black+reddish,21.1,39.4,3255.7,AM,2.25,34.2,27.4,3,10.6,80.1,182.8,63,27.3,159
51000,ILN,8,2A,F,WT,black+reddish,21.3,66.5,5160.1,AM,12.61,29.7,5.8,4,56,89.6,110.4,45,26,120
51001,ILN,8,2A,F,WT,black+reddish,21.7,49.5,5352.1,AM,4.03,10.3,48.9,5,54.8,85.4,34.8,50,28,124
51002,ILN,8,2A,F,HET,black+reddish,20.5,19.7,3318.5,AM,2.78,53.6,9,1,33.6,8.6,190.6,49,25.7,150
51003,ILN,8,2A,F,HET,black+reddish,21.1,6,1651.9,AM,1.85,6.8,71.7,2,63,48.8,159.3,42,24.8,152
51004,B6,7,2A,M,HET,black,20.5,68.8,5243.9,AM,5.09,10.3,23.8,3,53,87.4,94.1,47,23.3,111
51005,B6,7,2A,M,HET,black,20.3,30.1,4044.6,AM,14.36,1.6,8.1,4,31.6,21.7,71.1,70,25,149
51006,B6,7,2A,M,WT,black,22.3,155.4,2909.7,AM,4.51,31,38.9,5,75.5,55.1,98.2,60,26.5,140
51007,B6,7,2A,M,WT,black,22.6,165.2,3859.8,AM,19.52,6.4,41.7,1,70.5,32.5,95.1,61,27.9,131
51008,B6,7,2A,M,HET,black,19.1,96.5,5633.1,AM,0,0.5,6.6,2,72,46.3,143.5,54,22.7,123
51009,B6,7,2A,F,HET,black,17.8,20.7,9976.4,AM,3.57,0.7,16.6,3,38.1,36.7,58.6,68,19.7,125
51010,B6,7,2A,F,WT,black,17.4,306.2,6591.6,AM,6.7,1.3,17,4,70.5,56.3,72.3,80,20.2,123
51011,B6,8,2A,M,WT,black,25.4,178.1,4854,AM,12.1,21,24.2,5,62.5,62.8,46.3,84,31.2,137
51012,B6,8,2A,M,WT,black,23.6,221,5885.4,AM,0,4.5,10.3,1,71,26.2,113.7,81,28.8,147
51013,B6,8,2A,M,WT,black,21.9,198.3,5657.1,AM,3.13,1.6,4.5,2,70.1,20.7,127.2,71,27.7,148
51014,B6,8,2A,F,HET,black,15.5,123.5,3946.8,AM,0,16.2,33.2,3,53,21.9,85.4,54,17.7,109
51015,B6,8,2A,F,HET,black,14.8,31.3,9655.7,AM,0.9,17.3,11.4,4,10,9.5,128.5,48,17.2,105
51016,B6,8,2A,F,HET,black,15.7,51.4,4574.7,AM,3.15,30.1,36.8,5,71.8,43.5,100,36,18,99
51017,B6,8,2A,F,WT,black,16.2,209.7,4855.7,AM,3.13,17.1,5,1,61.5,43.8,154.2,61,17.9,129
51018,B6,8,2A,F,HET,black,15.1,51.9,4004.3,AM,20.12,24.7,25.9,2,58.4,13.7,74.6,63,17.7,129
51019,SJL,8,2A,M,WT,agouti,27.3,337.3,5757.3,AM,1.84,7.8,10.7,3,35,51.4,35.8,82,34.9,155
51020,SJL,8,2A,M,WT,agouti,26.5,132,4577.1,AM,5.01,3.4,30.8,4,55.3,51,53.2,88,30.5,151
51021,SJL,8,2A,M,HET,agouti,24.9,163.1,6892.5,AM,3.65,1.4,0.9,5,50.7,49.8,28.7,90,32,154
51022,SJL,8,2A,F,WT,agouti,22.2,167.3,6075.3,AM,0.45,18.7,14.3,1,39.5,22,77.6,63,24.1,116
51023,SJL,8,2A,F,HET,agouti,18,51.2,5120.1,AM,1.79,6.4,40.6,2,68,16,78.5,54,20.7,108
51024,SJL,8,2A,F,HET,agouti,17.5,9.9,2072.7,AM,1.34,23.5,11.2,3,23.6,21.2,166,39,20.3,109
51025,SJL,8,2A,F,WT,agouti,17.7,125.9,6470.2,AM,2.68,41.9,51.3,4,43.9,19.8,43.2,41,19.8,126
51026,SJL,8,2A,F,WT,agouti,20,55.7,4340.4,AM,2.68,34.7,57.6,5,69,24,33.7,69,22.6,115
51031,RII,3,2B,M,WT,agouti,26.2,139.3,5772,PM,17.65,2.2,28.1,1,67,106.7,63.8,100,29.5,185
51032,RII,3,2B,M,HET,agouti,23,32.1,5423.6,PM,0,2.2,39.3,2,53.2,100,84.9,104,25.2,157
51033,MA,6,2B,M,HET,agouti,24.2,126.8,4029.2,PM,3.63,38.4,88,3,37.3,12.5,80.7,50,29.4,106
51034,MA,6,2B,M,HET,agouti,23.8,32.6,3730.2,PM,0,4.1,62.5,4,30.4,12,60.2,60,30.6,118
51035,MA,6,2B,M,HET,agouti,24.7,33.8,2650.9,PM,0,47,92,5,36.2,10,108.3,69,33.5,107
51036,MA,6,2B,M,HET,agouti,24.2,114.2,3500.4,PM,0.45,5.9,58.5,1,11,6,63.3,55,29.2,109
51037,MA,6,2B,M,WT,agouti,26.1,82.1,4280,PM,0,21.4,81.3,2,60.6,8.6,73.9,57,35.4,132
51038,FVB,8,2B,M,WT,agouti,27.8,300,8381.5,PM,0,4.8,53.6,3,51.9,56.6,109.4,71,32.6,116
51039,FVB,8,2B,M,HET,agouti,26.5,215.6,4532.3,PM,0,1.4,89.3,4,79.7,119.8,51.5,67,30.4,92
51040,FVB,8,2B,M,HET,agouti,26.8,56.8,4900.5,PM,0,1.3,68.8,5,54.7,108.3,99.9,74,30.7,112
51041,FVB,8,2B,M,HET,agouti,23.8,94.9,2309.7,PM,0.44,0.5,30.8,1,65.7,46.1,75.1,77,27.8,122
51042,FVB,8,2B,M,WT,agouti,28.9,158.3,5049.8,PM,0,3.2,22.3,2,61.6,41.1,62.2,66,34.5,145
51043,FVB,8,2B,F,WT,agouti,19.4,269.4,7038.2,PM,1.79,37.7,58.8,3,62.6,93.5,36.2,82,23.4,94
51044,FVB,8,2B,F,WT,agouti,19.8,268.6,7359.2,PM,0,0.9,20.4,4,57.6,114.5,27.7,68,22.9,104
51045,DBA,6,2B,M,WT,black,27.8,137,4228.3,PM,0.9,3.9,22.2,5,69.1,24,71.3,108,39.7,146
51046,DBA,6,2B,M,HET,black,23.8,8.2,1859.8,PM,7.15,0,22.7,1,42,9.3,127.5,92,37.5,147
51047,DBA,6,2B,M,HET,black,24.9,7.8,4549.9,PM,0.9,0,11.2,2,34.9,16.8,63.8,83,31.5,124
51048,DBA,6,2B,F,WT,black,21.7,10.9,2910,PM,0,55.2,62.5,3,59.8,13.5,159.8,97,28.2,102
51049,DBA,6,2B,F,WT,black,20.8,114,4339.4,PM,3.13,29.5,53.6,4,57.8,23.7,75.9,98,26.7,93
51050,DBA,6,2B,F,HET,black,18.4,14.6,2993.1,PM,1.34,25.4,27.2,5,10.9,12.5,93.4,55,20.2,98
51051,ILN,7,2B,M,WT,black+reddish,30.7,83,5651.6,PM,0.45,34.5,77.2,1,40.8,105.7,101.7,127,40.2,145
51052,ILN,7,2B,M,HET,black+reddish,25.8,5.3,2992.5,PM,0,0.2,62.1,2,65.1,14.8,164.3,60,32.4,131
51053,ILN,7,2B,M,HET,black+reddish,26.1,8.1,3327.7,PM,4.47,47.5,80.8,3,43.9,70.2,166.8,92,34.3,189
51054,ILN,7,2B,M,HET,black+reddish,24.7,2.6,2727.6,PM,3.13,56.9,29.5,4,47.4,154.4,177.6,62,29.8,134
51055,ILN,7,2B,M,HET,black+reddish,28.5,6,2100.1,PM,0,12.1,NA,5,NA,NA,179.7,91,33.8,163
51056,FVB,9,2B,M,HET,agouti,23.2,27.2,3631,PM,0,0,NA,1,83.5,76.7,102.8,47,25.4,97
51057,FVB,9,2B,M,HET,agouti,25.7,140.1,4267.8,PM,0,6.8,NA,2,48.1,27.5,80,47,29.5,141
51058,FVB,9,2B,M,WT,agouti,26.8,186.2,5224,PM,0.9,3.9,NA,3,38.5,92.7,107.5,72,34.5,134
51059,FVB,9,2B,M,WT,agouti,27.1,198.5,4178,PM,2.24,4.1,35.3,4,71.3,132.5,88.2,98,38.7,112
51060,FVB,9,2B,M,WT,agouti,28.8,127.5,4143.8,PM,0,0,19.6,5,63.7,79.7,52.1,94,39.3,108
51061,FVB,9,2B,F,HET,agouti,18.6,47.4,3205.9,PM,1.34,53.9,50.5,1,68.2,42.4,58.1,71,20.8,98
51062,FVB,9,2B,F,HET,agouti,18.8,51.1,6189.1,PM,0.45,0,38,2,61.8,52.7,30.9,81,21.3,116
51063,FVB,9,2B,F,WT,agouti,19.6,159.8,5742,PM,0,26.5,88.8,3,48.4,65.3,147.8,93,25.2,150
51064,FVB,9,2B,F,WT,agouti,19.1,154.3,4506.7,PM,4.91,64.4,59.4,4,60.5,70,48.1,52,22.2,105
51065,PL,6,2B,F,HET,agouti,18.2,39.4,2790.9,PM,0,41.6,54.5,5,-54.8,10.8,139,59,20.5,82
51066,PL,6,2B,F,WT,agouti,18.2,80.8,3724,PM,0.45,0.7,32.6,1,49.6,14,71.3,67,23.2,118
51067,PL,6,2B,F,HET,agouti,18.4,40.4,2837.5,PM,0,2.7,59,2,40.8,19,83.2,43,20.4,88
51068,PL,6,2B,F,WT,agouti,16.9,57.4,3546.4,PM,0,2.5,52,3,49.9,13,69.1,83,20.6,119
51069,PL,6,2B,F,HET,agouti,18.5,56,5416.3,PM,3.57,37.9,51.6,4,35.7,24.1,47.8,42,21,99
51070,DBA,3,2B,F,HET,black,19.5,2.9,3086.2,PM,0.89,43.8,16,5,32.2,10,106.8,46,22.2,101
51071,DBA,3,2B,F,HET,black,20.5,1.2,817.5,PM,2.23,41.6,NA,1,49.1,12,NA,50,21.6,103
51072,DBA,3,2B,F,HET,black,19.4,4.2,1088.6,PM,0.9,0.2,NA,2,36.8,7.2,124.9,85,20.6,109
51073,SEA,9,2B,M,WT,agouti,27.5,151.9,6356.8,PM,0.9,0.9,NA,3,64.4,46.2,83.5,60,31.1,100
51074,SEA,9,2B,M,WT,agouti,27.8,163.4,5868.1,PM,0,3.7,NA,4,72.4,57.3,95.1,47,35.5,117
51075,SEA,9,2B,M,WT,agouti,27.3,297.1,12052.2,PM,2.68,0.9,17,5,25.1,59.4,NA,61,33.5,94
51076,SEA,9,2B,M,HET,agouti,28,74.6,5404.3,PM,0.45,0.5,0,1,54.1,17.5,NA,66,34.4,159
51077,SEA,9,2B,F,WT,agouti,20.8,104.7,4432.6,PM,0,6.9,12.5,2,47.3,35.6,NA,70,28.4,97
51078,SEA,9,2B,F,HET,agouti,20.4,92.4,7289.1,PM,0.45,3.9,63.4,3,4.3,18.4,NA,45,23.3,118
51082,SEA,5,3A,M,HET,agouti,26.3,156.6,5964.7,AM,8.93,2,47.8,1,46.1,17.9,82.7,63,32,124
51083,SEA,5,3A,M,HET,agouti,31.2,49.2,4712.1,AM,0,0,4.9,2,38.4,14,97.5,60,39.5,117
51084,SEA,5,3A,M,HET,agouti,29,40.8,4324,AM,0.45,0.2,6.7,3,25,13.9,79.9,65,35.2,131
51085,SEA,5,3A,F,WT,agouti,22.4,211.6,5764.3,AM,0,19.7,NA,4,49.9,43,146.9,65,27.1,140
51086,SEA,5,3A,F,HET,agouti,21.6,124.7,8957.2,AM,0.89,0.9,28.1,5,15.4,66.4,83.7,58,25.2,93
51087,NZB,4,3A,M,WT,black,35.2,296.8,3564.5,AM,0,12.6,30.8,1,67.4,27.8,59.3,73,42.6,128
51088,NZB,4,3A,M,HET,black,32.6,105,4493.9,AM,30.8,18.8,70.1,2,43.5,36.8,87.7,132,37.8,157
51089,NZB,4,3A,F,WT,black,24.3,194.8,4425.3,AM,7.15,48.7,47.3,3,25.7,55.6,77.1,73,31.2,106
51090,NZB,4,3A,F,HET,black,26.2,45,3709.4,AM,9.91,35.9,88.4,4,21.5,92.5,107.9,62,35,123
51091,C3H,5,3A,M,HET,agouti,29.3,5.8,2393.1,AM,5.86,0.2,37.5,5,NA,NA,44.3,72,35,106
51092,C3H,5,3A,M,HET,agouti,30.2,36.2,4289.4,AM,3.16,2.5,75,1,62.3,87.1,76.6,93,38.6,123
51093,C3H,5,3A,M,WT,agouti,31.1,89.5,3064.2,AM,4.06,0,41.1,2,42.4,69.2,41.4,107,42.8,167
51094,C3H,5,3A,F,WT,agouti,21.1,149,4831.3,AM,0,0.2,29.9,3,36.5,45.4,87.3,73,24.6,89
51095,C3H,5,3A,F,HET,agouti,20.5,10.9,3258.4,AM,6.25,2.9,61.6,4,67.9,125.5,48.8,84,22.6,118
51096,57L,4,3A,M,WT,black,31.9,79.5,4944.8,AM,0,0,29,5,51,46.7,67.8,85,37.9,136
51097,57L,4,3A,M,WT,black,30.2,193.8,3591,AM,1.79,1.1,12.5,1,44.3,9.1,70.2,100,37.4,101
51098,57L,4,3A,F,WT,black,22.4,135.9,6861.6,AM,0.45,3.4,21.4,2,62.8,25.3,89.6,85,25.5,86
51099,57L,4,3A,F,WT,black,20,155.6,5231,AM,1.34,5.9,38,3,56.2,42.5,101.5,58,23.9,102
53101,BTBR,5,3A,M,WT,black+tan,31.9,120.3,6999.7,AM,0.9,10.3,33,4,41.6,75.2,115.5,76,42.8,138
53102,BTBR,5,3A,M,HET,black+tan,32.4,18.8,4322.5,AM,0.45,7.7,21.9,5,40.8,95.6,97.5,80,47.2,123
53103,BTBR,5,3A,F,WT,black+tan,24,77.9,6159.4,AM,4.92,11.6,67.9,1,67.6,37.7,110.8,65,32.3,109
53104,BTBR,5,3A,F,HET,black+tan,25.1,33.8,4918.6,AM,0.9,73.5,59.8,2,25.7,25.2,85.8,52,30.4,91
53105,BTBR,5,3A,F,WT,black+tan,25,61.4,3689.9,AM,0,30.1,73.2,3,58.6,54.7,109.5,65,30.3,106
53106,KK,6,3A,M,WT,black,36.8,135.5,3833.7,AM,0.45,0.7,54.5,4,42.1,207,103.9,78,46.5,177
53107,KK,6,3A,M,HET,black,33.7,31.6,2840.3,AM,0,2.7,75.9,5,NA,NA,89.4,56,41,157
53108,KK,6,3A,M,WT,black,38.6,76.1,4396,AM,0,75.8,43.8,1,36.1,71.8,115.7,59,47.6,148
53109,KK,6,3A,F,HET,black,25.1,33.6,3877.6,AM,0.89,31.1,69.6,2,16.1,42,157.6,57,28.7,137
53110,KK,6,3A,F,WT,black,26.1,64.5,3763.8,AM,11.61,88.1,96.9,3,7.4,79.1,175.8,95,37.4,136
53111,KK,6,3A,F,HET,black,24.6,9.9,3100.6,AM,1.34,16.7,54.9,4,27.3,107.7,102.8,75,29.6,113
53112,C58,2,3A,F,HET,black,19.7,58.1,8233,AM,0,3.7,10.7,5,77.8,33.7,53.7,62,21.9,80
53113,C58,2,3A,F,WT,black,21.8,74.1,6821.3,AM,0,10.3,10.3,1,19.7,6.3,57.5,92,24.3,77
53114,BTBR,5,3A,F,HET,black+tan,22.9,15.6,1501.9,AM,7.6,18.9,94.2,2,79.2,35.7,67.8,64,27.5,115
53115,BTBR,5,3A,F,HET,black+tan,22.5,21.9,8470.4,AM,0.44,11,52.7,3,11.7,61.1,21,47,27.2,107
53116,BTBR,5,3A,F,WT,black+tan,24.1,94.9,4369.8,AM,0,7.5,50,4,25.7,54.9,133.3,53,29.7,89
53117,BTBR,5,3A,F,HET,black+tan,21.8,20.6,2211.7,AM,2.24,4.6,33.9,5,54.7,35.8,81.7,62,27.4,78
53123,NOD,11,3A,M,WT,agouti,28.3,168,5846.3,AM,4.07,61.9,44.7,1,28.8,9.9,75.1,47,31.4,87
53124,NOD,11,3A,M,HET,agouti,29.3,62.8,3126.3,AM,2.33,0.5,88,2,55.4,9.5,55.7,61,32,130
53125,NOD,11,3A,M,HET,agouti,25.3,52,5435.4,AM,0,2.5,54.5,3,22.5,7.8,66.8,67,29.1,96
53126,NOD,11,3A,M,WT,agouti,27.1,77.5,5347.2,AM,1.42,16.6,22.3,4,80.5,55.7,24.9,44,30.2,103
53127,NOD,11,3A,M,HET,agouti,25,54.8,7561,AM,0.92,61.6,47.3,5,62.8,39,59.4,61,28.5,106
53128,NOD,11,3A,M,WT,agouti,25,193.5,5631.5,AM,0.45,26.3,45.1,1,-10.3,7.3,101.4,60,30.3,108
53129,NOD,11,3A,M,WT,agouti,27.4,177.8,6285.9,AM,0,12.3,38.8,2,40.9,6.3,104.1,56,31.2,95
53130,NOD,11,3A,F,HET,agouti,18.6,20.3,3139.7,AM,0,90.6,70.5,3,18.2,11.5,116.8,40,23,94
53131,NOD,11,3A,F,HET,agouti,18.9,52.1,5770.4,AM,4.92,4.3,76.8,4,12,20.2,45.6,37,23,103
53132,NOD,11,3A,F,HET,agouti,20.3,66.8,4572.1,AM,6.25,40.8,90.6,5,36.2,15.2,129,55,26.3,111
53133,NOD,11,3A,F,WT,agouti,19.6,143.2,4941.1,AM,7.59,44,35.7,1,41,12.2,111,49,23.9,84
53118,SJL,9,3B,M,WT,agouti,26.3,152.9,4583.2,AM,21.51,59.6,78.8,1,65.5,59.7,68.8,87,31.2,117
53119,SJL,9,3B,M,HET,agouti,26,59.8,3781,AM,0.45,15,46.5,2,50.4,16.1,62.4,55,31.8,179
53120,SJL,9,3B,M,WT,agouti,27.1,203.7,4181.8,AM,2.25,33.8,48.1,3,24.3,27,43,60,32.5,93
53121,SJL,9,3B,M,HET,agouti,25.1,17.2,2228.2,AM,4.03,52.3,72.5,4,53.8,33.5,56.6,74,32.4,94
53122,SJL,9,3B,M,HET,agouti,24.8,57.1,4133.5,AM,5.81,42.5,64.9,5,23.1,40.5,132.7,58,31.7,123
53134,BALB,7,3B,M,HET,agouti,26.3,43.2,3287.2,AM,16.97,61.9,33.1,1,41.8,16.7,73.7,72,27.3,121
53135,BALB,7,3B,M,HET,agouti,25.8,40.6,3224.1,AM,0,1.1,5,2,70.1,31.2,94.5,60,28.7,146
53136,BALB,7,3B,M,WT,agouti,29.4,129.2,5064.5,AM,4.47,3.6,19,3,45,11.5,102.2,64,35.2,122
53137,BALB,7,3B,M,WT,agouti,27.4,134.5,5390.9,AM,3.13,0.2,15.3,4,40.1,39.6,127.5,71,31.9,100
53138,BALB,7,3B,F,HET,agouti,18.2,11.2,2488.9,AM,0.45,0.4,1.8,5,46.1,17.3,101.9,70,21,90
53139,BALB,7,3B,F,HET,agouti,19.1,4.6,3263.3,AM,0.45,1.4,15.3,1,64.3,13.1,90.7,38,23.2,106
53140,BALB,7,3B,F,WT,agouti,21.1,90.9,4491.2,AM,5.36,42.9,42.6,2,38.9,9,46.1,70,25.1,96
53141,SM,3,3B,M,HET,black+tan,28.9,68.2,7964.1,AM,0.92,35.4,88.8,3,14.4,128.5,42.5,88,36,140
53142,SM,3,3B,M,WT,black+tan,29.2,115.8,7750.3,AM,0.45,9.3,42.9,4,67.2,80.6,41.5,64,41,141
53143,129,5,3B,M,HET,agouti,23.8,63.2,3496.1,AM,0,46.8,44.6,5,NA,NA,61.6,43,27.4,124
53144,129,5,3B,M,HET,agouti,22.8,9.1,2035.2,AM,0.46,0,78.6,1,75.2,68.2,81.8,43,28.2,139
53145,129,5,3B,M,WT,agouti,23.7,34.9,3553.1,AM,4.5,68,49.7,2,72.9,70.1,176.2,54,32.8,107
53146,129,5,3B,F,HET,agouti,22.8,15.7,1830.7,AM,0,2.5,48.5,3,41,83.3,136.6,60,26.1,109
53147,129,5,3B,F,HET,agouti,18.1,3.3,1429.5,AM,1.35,1.4,42.9,4,61.4,82.5,40.1,49,22.5,101
53148,129,5,3B,M,HET,agouti,28.6,3.1,2516.6,AM,5.37,43.2,44.4,5,59.6,171.4,163.1,46,36.4,127
53149,129,5,3B,M,HET,agouti,25.6,54.4,3425.3,AM,0,4.1,79,1,71.2,30.4,69.5,44,30.5,129
53150,129,5,3B,M,WT,agouti,26.6,49.1,3507.6,AM,0.45,14.1,74.6,2,64.5,68.4,86.3,43,33.7,145
53151,129,5,3B,M,WT,agouti,30.9,59.8,3272.4,AM,4.02,19.8,55.4,3,29,150.6,156.5,59,41.4,183
53152,ILN,3,3B,M,WT,black+reddish,34,75,5095.1,AM,3.57,10.3,48.7,4,51.5,112,96.4,82,41.3,132
53153,ILN,3,3B,M,HET,black+reddish,28.3,3.4,3400.1,AM,0,0.4,6.7,5,41.3,97.9,87,82,32.5,119
53154,NOD,10,3B,M,WT,agouti,27.8,66.5,5238.6,AM,1.34,15.1,11.6,1,74,20.4,137.8,43,34,114
53155,NOD,10,3B,M,WT,agouti,29.1,102.2,4762.2,AM,0.45,2,32.6,2,62.5,9.2,64.5,52,36,124
53156,NOD,10,3B,M,HET,agouti,27.8,40.2,5052.6,AM,1.34,3.6,6.7,3,46.2,18.2,45.4,43,32.2,94
53157,NOD,10,3B,M,HET,agouti,26.8,24.1,3547.1,AM,4.91,2,96,4,63.6,21.8,95.1,61,31.7,116
53158,NOD,10,3B,M,HET,agouti,26.7,94.7,6060.5,AM,4.47,0.7,42.4,5,42.8,11.2,90.5,50,31.3,85
53159,NOD,10,3B,M,HET,agouti,27.3,42.6,4604.8,AM,2.23,39.9,47.3,1,43.7,10,108,50,30.6,107
53160,NOD,10,3B,F,WT,agouti,19.2,124.3,4794.4,AM,1.34,59.8,54.9,2,48.3,10.6,82.6,48,22.4,74
53161,NOD,10,3B,F,HET,agouti,20.7,30.4,4526.9,AM,4.47,24.1,76,3,25.4,16.4,39.2,48,25.9,131
53162,NOD,10,3B,F,HET,agouti,19.8,33.6,4464.2,AM,5.81,32.9,26,4,24.3,14.3,45.6,44,23.3,115
53163,NOD,10,3B,F,HET,agouti,20.8,24.6,1800.9,AM,0,76.8,87.8,5,35.3,9,15.6,48,23.8,84
53169,BUB,9,3B,M,WT,black,27.2,184.9,5736.1,AM,4.91,31.8,94.2,1,73.6,15.1,82.6,38,32.6,97
53170,BUB,9,3B,M,HET,black,26.3,23.8,4102.4,AM,0.45,41.8,82.1,2,51.1,13.1,118.2,47,29.7,108
53171,BUB,9,3B,M,WT,black,26.2,101.1,5770.3,AM,3.13,82.4,83.9,3,64.9,26.2,84,37,29.7,107
53172,BUB,9,3B,M,HET,black,26.5,51.7,4930.9,AM,11.6,13.9,91.1,4,68.3,24.5,93.4,73,31.7,100
53173,BUB,9,3B,F,WT,black,19.7,59,5128.1,AM,1.34,4.1,39.7,5,74,17,92.4,45,24.3,90
53174,BUB,9,3B,F,HET,black,19.1,42.8,5119.3,AM,0.45,22.8,43.3,1,27.7,9.5,113.8,51,23.1,102
53175,BUB,9,3B,F,WT,black,18.8,237.5,6535.2,AM,2.23,88.8,97.3,2,83.1,30.1,61,37,21.1,70
53176,BUB,9,3B,F,WT,black,18.8,199.1,5370,AM,0.45,19.4,38.8,3,50.5,13.6,63.7,44,24.2,104
53177,BUB,9,3B,F,HET,black,19.2,82.7,3871.5,AM,0,36.3,67.9,4,50.4,18.6,123,76,21.6,92
53178,RII,8,4A,M,HET,agouti,23.8,63.8,3219.7,PM,24.11,0,76.7,1,85.8,65.7,72.4,66,24.9,92
53179,RII,8,4A,M,WT,agouti,23.9,49.5,5041,PM,0,0.7,41.7,2,58.7,47.3,14.8,66,26.4,129
53180,RII,8,4A,F,HET,agouti,17,52.4,6091.2,PM,1.34,2.7,3.1,3,44.1,93.4,39,40,19.3,100
53181,RII,8,4A,F,HET,agouti,18.4,96.8,4948.4,PM,0.45,0,11.6,4,63,42.9,21.2,56,19.2,94
53182,RII,8,4A,F,HET,agouti,18.8,17.3,4262.7,PM,2.68,0,8,5,77.6,62.6,46.1,47,19,85
53183,RII,8,4A,F,WT,agouti,17.5,170.9,5421.5,PM,0.45,0.5,31.7,1,58.1,51.4,29.3,46,19.8,104
53184,RII,8,4A,F,WT,agouti,21,168.6,5713.3,PM,2.24,2.1,45.5,2,41.5,65.3,15.1,55,22.3,102
53185,RII,8,4A,F,HET,agouti,18.1,43.6,1293.4,PM,7.14,2.3,17.9,3,35.4,100.9,23.2,63,21.2,128
53186,NON,3,4A,M,HET,agouti,38.1,23.4,3219.5,PM,0,0.7,4.5,4,67.3,27.2,137.9,40,37.4,127
53187,NON,3,4A,M,HET,agouti,32.1,23,2751.8,PM,0,1.4,78.6,5,24.9,39.5,98.9,49,35.4,96
53188,FVB,11,4A,M,HET,agouti,25.2,60,2845.4,PM,0,0.5,8.9,1,53.2,52.8,29.8,59,28,102
53189,FVB,11,4A,M,WT,agouti,26.6,221.9,4832,PM,1.79,0,68.8,2,64.6,26.9,49.5,69,32.8,150
53190,FVB,11,4A,M,HET,agouti,25.3,45.7,3605,PM,0,0.5,1.8,3,42.3,65.5,28.3,64,28.1,105
53191,FVB,11,4A,M,WT,agouti,28.1,196.6,5554.2,PM,0,0,66.3,4,41.3,68.4,28.2,67,35,121
53196,FVB,11,4A,F,HET,agouti,19.4,2.6,2401.2,PM,0.45,0.9,36.9,5,55.8,66,16.2,75,23.4,89
53197,FVB,11,4A,F,HET,agouti,20.1,11.8,4294.1,PM,3.58,0.4,7.2,1,55.9,43.3,97.5,70,21.4,97
53198,FVB,11,4A,F,WT,agouti,22.5,137.8,4818.4,PM,2.68,4.1,73.3,2,54.5,51.5,80.7,49,26.5,109
53199,SWR,6,4A,M,HET,agouti,26,57.9,2791.7,PM,0,0.5,48.1,3,-12.3,79.5,47,42,32.9,129
53200,SWR,6,4A,M,WT,agouti,26.2,198.3,6314,PM,1.79,0.2,56.4,4,46.8,84.2,85.3,44,29.5,117
53201,SWR,6,4A,M,WT,agouti,25.6,99.9,4184.2,PM,3.13,5.5,51.8,5,75.8,64.5,41.7,49,31.2,131
53202,SWR,6,4A,F,HET,agouti,18.4,9.7,1546,PM,1.8,2.7,86.2,1,24.9,22.1,10.1,77,20.6,125
53203,SWR,6,4A,F,HET,agouti,18.8,42.1,2707.6,PM,2.24,3,93.3,2,39.2,26.3,14.8,51,20,114
53204,SWR,6,4A,F,WT,agouti,18.4,271.2,4439.9,PM,0,0.5,64.7,3,13.5,30,22,52,25.3,91
53205,MRL,8,4A,M,WT,black,31.5,74.8,4620.9,PM,0.9,3.6,18.8,4,42.6,77.2,75.4,43,35.7,89
53206,MRL,8,4A,M,HET,black,30.9,33,4061,PM,0,0.2,6.2,5,NA,NA,41.6,49,36.3,115
53207,MRL,8,4A,M,WT,black,30.3,40.3,5053.2,PM,0,0.2,41.3,1,71.4,30,76.4,44,34.1,90
53208,MRL,8,4A,M,WT,black,32,34.9,5835.7,PM,0.89,1.8,16.9,2,63.1,50.2,50.2,49,38.9,93
53209,MRL,8,4A,M,WT,black,30.9,141.7,6536.3,PM,0,0.7,23.6,3,31.2,55.9,75.6,62,35.5,115
53210,MRL,8,4A,F,WT,black,27.5,136.3,4373.1,PM,0.46,1.6,20.5,4,48,66.4,128.2,47,32.1,127
53211,MRL,8,4A,F,HET,black,25.2,60.9,2674,PM,0.45,0,77.2,5,32.8,60.6,132.6,43,28.3,101
53212,MRL,8,4A,F,WT,black,26.3,65.7,6856.5,PM,0.46,22.1,42.9,1,66.9,45.5,166.8,62,34.9,108
53213,MRL,9,4A,M,WT,black,25.5,128.3,5722.1,PM,1.82,0.2,58,2,34.1,49.2,77,51,46,157
53214,MRL,9,4A,M,HET,black,29.6,113,4374.2,PM,0.9,1.3,15.6,3,37.1,62.1,73,46,32.6,152
53215,MRL,9,4A,M,HET,black,32,37.4,2318.2,PM,0,0.5,20,4,72.1,62.5,107.3,64,36.4,146
53216,MRL,9,4A,M,HET,black,30.8,84.1,3650,PM,0,0,57.3,5,51.8,34.8,120.3,38,34.9,140
53217,MRL,9,4A,M,HET,black,32.3,222.2,2723.2,PM,0,2.7,4.9,1,45.3,37.4,101.5,43,36.1,105
53218,MRL,9,4A,F,WT,black,24.3,73.5,3429.4,PM,2.24,14.8,73.7,2,54.6,25,83.3,57,30.1,77
53219,MRL,9,4A,F,WT,black,24,155.6,5317.8,PM,0.45,13.5,27.7,3,41.8,83.7,112.7,49,31.9,127
53220,MRL,9,4A,F,HET,black,24.1,7.6,2756.4,PM,0.9,8.2,14.3,4,66.3,91.4,149.4,62,26.8,103
53221,MRL,9,4A,F,WT,black,23.5,106.6,5099.7,PM,0,17.4,35.3,5,67.1,44.4,94.9,40,27.7,89
53222,B6,9,4A,M,WT,black,23.7,32.3,2287.8,PM,5.36,40.9,59.8,1,71.6,60.8,131.6,62,26.8,151
53223,B6,9,4A,M,HET,black,21.4,45.7,4340.3,PM,1.79,2.3,21.4,2,51.6,68.4,31.6,77,24.3,89
53224,B6,9,4A,M,WT,black,21.4,90,3746.8,PM,0,0.7,33.5,3,53.1,72.8,153.6,72,24.6,115
53225,B6,9,4A,M,HET,black,19.7,31.4,3547.6,PM,10.72,8.7,29.5,4,68.1,30.9,93.2,63,24.1,104
53226,B6,9,4A,M,HET,black,22.4,31.6,1981.4,PM,1.34,2.7,35.6,5,65.5,78.7,105.7,65,25.8,111
53227,B6,9,4A,F,WT,black,18.6,99.1,4380.1,PM,1.34,17.5,19,1,71,17.8,100.2,71,20.2,104
53228,B6,9,4A,F,HET,black,16.3,98,2505.7,PM,0.89,5.2,23.5,2,30.2,69,158.6,68,17.8,97
53234,MRL,8,4B,F,WT,black,25.5,220.1,5692.8,AM,4.47,4.1,12.1,1,56.7,37.6,67.4,42,33,129
53235,MRL,8,4B,F,WT,black,23.6,80.5,5106.6,AM,0,0.2,30.8,2,62.4,40.1,149.8,42,33.4,160
53236,MRL,8,4B,F,HET,black,23.7,71.8,3788.4,AM,1.34,1.1,52.2,3,39.6,48.6,104.6,34,32.8,148
53237,NZW,6,4B,M,HET,agouti,29.7,130.3,2607,AM,0,4.1,48.2,4,33.7,72.1,164.1,50,34.7,113
53238,NZW,6,4B,M,HET,agouti,28.5,5.9,2148.1,AM,0.45,1.4,36.4,5,55.6,131.6,166.2,47,32.9,128
53239,NZW,6,4B,M,WT,agouti,31.6,136.2,3004.9,AM,0.45,0.7,59.8,1,32.1,81.5,110.6,54,37.4,131
53240,NZW,6,4B,M,WT,agouti,30.2,142,3750.9,AM,0.9,8.2,81.5,2,43.5,81.5,61.9,62,35.1,149
53241,NZW,6,4B,M,HET,agouti,28.6,199,2237.6,AM,2.68,7.3,52.7,3,34.3,57.8,142,84,33.5,122
53242,BUB,7,4B,M,HET,black,26.6,32.2,4938.9,AM,0,0.2,6.3,4,54.6,20.9,73.8,32,33.4,152
53243,BUB,7,4B,M,HET,black,26,65.8,3527.1,AM,0.45,0.2,10.3,5,27.6,34,90.8,52,28.8,113
53244,BUB,7,4B,M,HET,black,26.5,67.9,5407.6,AM,0,3.9,52.7,1,48.6,15.8,72.6,38,31.2,139
53245,BUB,7,4B,F,WT,black,21.3,326.3,6127.9,AM,11.16,1.1,87.5,2,82.7,28.4,108,37,27.8,115
53246,BUB,7,4B,F,WT,black,21.9,36.1,4258.4,AM,2.23,17.6,92,3,65.2,39.3,114.4,50,24.1,113
53247,BUB,7,4B,F,WT,black,21,150.3,5334.1,AM,0.45,1.8,71.9,4,88.2,32.9,79.8,60,25,95
53248,BUB,7,4B,F,WT,black,20.8,389.8,8558,AM,0.45,3.6,85.7,5,63.2,31.8,81.6,52,24.4,122
53249,SWR,7,4B,M,HET,agouti,23.5,64,3458.5,AM,0.45,5.7,0.9,1,48.1,64.8,17.3,49,28.5,117
53250,SWR,7,4B,M,WT,agouti,26.8,201.6,4948.6,AM,1.34,0.5,6.7,2,28.5,10.7,45.1,36,31.3,86
53251,SWR,7,4B,M,WT,agouti,26.1,194.6,3171.9,AM,0,2.9,48,3,35,43.5,38.3,42,31,120
53252,SWR,7,4B,F,WT,agouti,20,99.3,3960.5,AM,4.02,3.2,14.4,4,66.5,33.6,5.7,36,24.8,93
53253,SWR,7,4B,F,WT,agouti,17.6,205.4,4836.3,AM,0,0.7,11.7,5,70.3,46.1,29.4,50,21.7,95
53254,SWR,7,4B,F,HET,agouti,17.1,38.9,4458.8,AM,0,0,9.4,1,23.6,41.1,33.4,47,19.7,94
53255,SWR,7,4B,F,HET,agouti,17.2,34.1,4982.5,AM,0.45,5,43.8,2,33.1,31.8,32.3,42,19.8,91
53256,DBA,5,4B,M,HET,black,31.1,1.4,2998.8,AM,0.89,2.7,23.2,3,59.2,11,140.1,110,43.3,173
53257,DBA,5,4B,M,WT,black,29.9,238.8,4188.5,AM,0.45,0.7,19.6,4,64.8,20.1,130.2,98,41,217
53258,DBA,5,4B,M,HET,black,29,17.3,2154.4,AM,0.45,0.2,21,5,25.7,13.9,139.3,77,39.2,170
53259,DBA,5,4B,F,WT,black,23.9,50.7,4523.1,AM,2.24,11,42.9,1,57.4,17.8,110.8,42,28.4,121
53260,DBA,5,4B,F,HET,black,20.8,0.4,1486.6,AM,2.23,0.2,15.2,2,34.7,8.4,59.6,38,22.9,106
53261,NZW,8,4B,M,WT,agouti,32.3,143.1,5742.8,AM,1.34,1.8,18.8,3,-49.5,135.3,122.6,70,37.2,115
53262,NZW,8,4B,M,WT,agouti,30.6,55.4,2742.5,AM,3.13,9.1,38,4,58.4,115.3,146.4,58,37.2,155
53263,NZW,8,4B,M,HET,agouti,27.9,153.3,5232.6,AM,3.13,0.4,31.3,5,37.4,106.8,53.6,52,33.7,143
53264,NZW,8,4B,M,WT,agouti,30.5,99.4,3083.1,AM,0,16.2,31.3,1,45.5,118.4,51.9,50,35,140
53266,NZW,8,4B,F,HET,agouti,24,29,2735.3,AM,0.89,2,4.9,2,39.3,75.5,77.9,47,26.7,142
53267,NZW,8,4B,F,WT,agouti,26.3,54.1,3116.1,AM,1.79,41.6,20.4,3,17.2,89.8,142,44,30.9,114
53268,NZW,8,4B,F,HET,agouti,24.3,18,1781.4,AM,0.45,26.3,80.9,4,50.4,93.1,93.2,46,28.8,162
53269,LP,3,4B,F,HET,agouti,19.6,14.5,2829.5,AM,3.58,1.3,42.7,5,57.7,17.5,166.1,61,22.9,117
53270,LP,3,4B,F,HET,agouti,21.2,17.5,1182.9,AM,2.23,0,60.5,1,8.1,6.6,116.7,68,23.3,112
53271,AJ,6,4B,M,WT,black,26.8,118.1,4166.5,AM,0.45,47,38.8,2,75.6,32.3,115,62,37.5,171
53272,AJ,6,4B,M,HET,black,25.2,3.7,1553.8,AM,1.34,12.5,48.7,3,47.6,35.2,126.8,41,33,148
53273,AJ,6,4B,M,WT,black,24.5,8.7,3744.1,AM,3.57,43.4,64.7,4,47.8,17,53.6,45,31.5,159
53274,AJ,6,4B,F,WT,black,19.8,11.3,3387.3,AM,5.36,50.5,12.1,5,66.5,17.5,176.5,41,22.4,103
53275,AJ,6,4B,F,WT,black,22.8,31,3981,AM,8.48,15.3,88,1,63.7,23.1,94.3,45,27.7,86
53276,AJ,6,4B,F,HET,black,21.5,89.9,5564.3,AM,2.23,21.7,30.4,2,63.6,37.4,150.1,34,24.2,116
53277,C3H,6,4B,M,WT,agouti,33.7,198.2,4489.4,AM,2.23,1.4,32.6,3,20.8,94.2,62.6,74,43.5,140
53278,C3H,6,4B,M,WT,agouti,34.9,98.9,3388,AM,1.34,2.7,5.4,4,29.8,39.9,63.1,72,43.5,147
53279,C3H,6,4B,M,HET,agouti,28.1,20,1925.5,AM,0,2.1,13,5,39.4,87.4,56.1,66,32.8,110
53282,C3H,6,4B,M,HET,agouti,28.8,4.8,2123.3,AM,0.9,7.1,16.1,1,72.1,49.3,92.3,65,35.3,137
53280,C3H,6,4B,F,WT,agouti,22.7,80.1,5874.4,AM,0,1.8,25.5,2,29.9,73.3,34.7,53,26.2,122
53281,C3H,6,4B,F,HET,agouti,20.9,6.9,1028.8,AM,0,40.8,3.1,3,65.9,65.7,16.6,61,24.1,91
53283,NZB,9,5A,M,HET,black,27.7,187.4,2715.2,AM,26.79,61.6,89.7,1,52,35,18.5,60,35.4,102
53284,NZB,9,5A,M,WT,black,30.5,163.1,4240.7,AM,0.9,92.5,89.3,2,56.5,12,128.1,34,36.2,111
53285,NZB,9,5A,M,HET,black,27.5,90.6,2708.1,AM,4.02,31.7,34.4,3,27.1,103.5,59.1,45,36.3,92
53286,NZB,9,5A,M,HET,black,26.8,53.3,2206.6,AM,16.52,98.8,97.8,4,33.8,99.8,68.1,57,35,108
53287,NZB,9,5A,M,WT,black,29.3,88.9,3519.6,AM,2.23,15.1,88.4,5,63.3,35.9,9.5,49,38.3,143
53288,NZB,9,5A,F,HET,black,18.6,20.6,2382.8,AM,0.45,61.6,94.6,1,61.3,20.8,101.9,54,22.5,110
53289,NZB,9,5A,F,WT,black,21.5,144.5,6641.3,AM,5.36,87.5,73.2,2,47.2,33.3,88.6,35,27.7,94
53290,NZB,9,5A,F,WT,black,20.4,125.3,3780.8,AM,7.15,70.5,86.2,3,50.5,29.5,36.5,42,25.8,110
53291,NZB,9,5A,F,HET,black,18.8,59.9,2941.4,AM,6.25,27.1,91.5,4,26.1,68.5,32.6,37,22.2,105
53292,NZB,9,5A,F,HET,black,18.4,109.7,3284.1,AM,7.59,68.7,84.8,5,37.1,53.2,63,36,22.5,97
53293,RII,6,5A,M,HET,agouti,22.7,38.3,2740.7,AM,0,2.9,21,1,86.5,90.6,73.6,69,28.5,144
53294,RII,6,5A,M,WT,agouti,25.1,122.6,6432.2,AM,0,1.8,0.9,2,53.2,92.3,59.7,61,28,159
53295,RII,6,5A,M,WT,agouti,24,111,4478.3,AM,0.89,0.4,50.9,3,28.4,124.7,31.7,56,29.9,142
53296,RII,6,5A,M,WT,agouti,25.8,228.5,4669.8,AM,0.45,0.4,39.7,4,53.5,170,68.5,55,28.3,163
53297,RII,6,5A,F,HET,agouti,16.4,79,3869.8,AM,0,0.7,72.8,5,43.7,85.9,24.6,45,17.6,152
53298,RII,6,5A,F,HET,agouti,16.5,73.1,5382.4,AM,0,0,12.5,1,72.1,51.4,53.8,43,17.6,139
53299,ILN,9,5A,M,WT,black+reddish,25.1,227.6,6444.2,AM,0.89,0.4,8.9,2,54.1,94.8,82.7,60,31.4,116
53300,ILN,9,5A,M,HET,black+reddish,23.7,22.7,12279.9,AM,3.57,0,29.5,3,27.2,58.8,101,61,26.8,135
53401,ILN,9,5A,M,WT,black+reddish,27.1,121.4,6407.1,AM,0,0.4,4.9,4,15.1,132.4,24,67,32.7,135
53402,ILN,9,5A,M,WT,black+reddish,26.1,87.4,5836.4,AM,0,0.2,6.3,5,54.8,131.1,77.5,59,30,121
53403,ILN,9,5A,M,WT,black+reddish,22.1,81.7,5403,AM,0.45,3,9.8,1,67.6,52.1,70.9,88,27.6,147
53404,ILN,9,5A,F,WT,black+reddish,22.8,137.4,5285.3,AM,0,7.7,50.4,2,31.1,48.6,168.3,58,26.5,94
53405,ILN,9,5A,F,WT,black+reddish,20.4,155.9,4912.9,AM,4.02,11.2,58.9,3,30.1,91,173,61,26,154
53406,ILN,9,5A,F,HET,black+reddish,19.8,14.6,2893.3,AM,0,3.9,30.8,4,76.2,22.7,100,52,24.5,129
53407,ILN,9,5A,F,HET,black+reddish,18.8,22.4,6466.3,AM,0,4.1,14.3,5,43.6,7.6,194,61,22.4,130
53408,ILN,9,5A,F,WT,black+reddish,20.4,117.3,5643.2,AM,3.58,9.4,79,1,54.6,59.4,166.5,56,25.5,114
53409,B6,9,5A,M,HET,black,20.4,142.5,6113,AM,0,2.1,10.7,2,58,15.4,116.9,49,24.3,95
53410,B6,9,5A,M,WT,black,22.3,250.9,4183,AM,5.8,3.7,41.5,3,61.7,64.3,59.1,51,25.6,130
53411,B6,9,5A,M,HET,black,19.9,163,5846.8,AM,0.9,4.3,63.8,4,50.3,115.1,71.7,52,22.8,92
53412,B6,9,5A,M,WT,black,21.6,218.7,5123.9,AM,2.68,8.4,52.7,5,85.8,66.5,107.9,59,25.6,123
53413,B6,9,5A,M,HET,black,18.9,17.5,4750.8,AM,2.23,4.8,53.1,1,46.5,59,92.4,44,22.3,109
53414,B6,9,5A,F,WT,black,18.2,164.7,6349.9,AM,0.9,4.1,48.2,2,82.2,24.8,112,57,21.4,115
53415,B6,9,5A,F,HET,black,14.3,71.9,7389.3,AM,1.34,3.6,46,3,40.5,33.5,120.6,52,17.7,135
53416,B6,9,5A,F,HET,black,14.9,13.3,4041.1,AM,6.7,16.9,72.3,4,47.5,30.8,105.9,57,18,125
53417,B6,9,5A,F,WT,black,17.1,160.6,6509.4,AM,9.38,21.2,31.7,5,76.9,44,105.2,52,19.1,145
53418,BTBR,3,5A,F,WT,black+tan,27.5,133,5838.7,AM,0.89,2.5,54.5,1,71.7,58,72.1,44,38.4,106
53419,BTBR,3,5A,F,HET,black+tan,24.6,11,3245.3,AM,1.34,15.3,54.9,2,58.9,41.5,84.5,39,33,109
53420,BTBR,3,5A,F,HET,black+tan,25.4,3.5,3168.2,AM,0,19.9,60.3,3,41.2,42.3,69.8,55,30.6,106
53421,BALB,4,5A,M,WT,agouti,26.5,121.4,6382.6,AM,1.34,17.8,9.4,4,73.1,72,38.6,46,33,124
53422,BALB,4,5A,M,WT,agouti,23.8,81.9,5732.2,AM,0,1.4,2.7,5,NA,NA,90.6,48,29.5,106
53423,BALB,4,5A,M,WT,agouti,26,100.7,7096.9,AM,1.34,13.2,21.4,1,50.4,29,61.3,49,34.3,102
53424,KK,5,5A,M,WT,black,35.1,120.2,5096,AM,0,39.5,46.4,2,19.3,109.5,136,67,40.6,111
53425,KK,5,5A,M,WT,black,35.7,118.3,5221.5,AM,1.34,2.3,53.1,3,27,98.5,80.9,68,42.4,150
53426,KK,5,5A,M,HET,black,34.6,78.8,5001,AM,0,2.9,5.8,4,31.8,190.5,41.7,80,40.9,147
53427,KK,5,5A,F,WT,black,26.8,96.9,3663,AM,0.45,32.9,58.5,5,33.2,51.6,157.9,90,38.7,119
53428,KK,5,5A,F,HET,black,26.9,4.5,1786.7,AM,0,0.2,47.8,1,57.8,53.2,47,60,29.4,112
53429,KK,5,5A,F,WT,black,24.1,308.4,4601.6,AM,0.9,14.1,80.4,2,19,33.1,86.6,86,35.6,160
53430,KK,5,5A,F,HET,black,22.9,12.7,2007.3,AM,2.68,3.2,83,3,37.4,39,42.4,51,29.4,131
53431,DBA,6,5B,M,WT,black,20,137.9,6402.3,PM,2.68,15.3,29.7,1,52.8,32.1,116.1,43,28.7,126
53432,DBA,6,5B,M,HET,black,19.7,45.1,2440.1,PM,0,0.7,9,2,13.6,5.7,69.1,62,26.3,98
53434,DBA,6,5B,F,WT,black,25,32.4,4426.9,PM,0,0.9,74.3,3,50.3,15.2,174.6,58,28.9,134
53435,DBA,6,5B,F,WT,black,20,73.4,6372.2,PM,1.34,3.2,28.4,4,43.1,22.3,152.8,69,25.5,147
53437,SM,6,5B,M,HET,black+tan,26.1,47.6,6745.7,PM,0.45,0.7,20.5,5,49,148.8,62.6,75,37,155
53438,SM,6,5B,M,HET,black+tan,24.6,114.2,6502.2,PM,0,0,23.3,1,48.5,122.4,41.8,63,35.9,162
53441,SM,6,5B,F,WT,black+tan,18.3,139.9,11291.7,PM,0,1.1,12.1,2,34.6,108.6,17.2,54,20.8,109
53442,SM,6,5B,F,HET,black+tan,18.9,34,5876.1,PM,0.9,1.8,76.7,3,17.4,102.4,30.8,47,20.7,122
53443,NOD,12,5B,F,WT,agouti,18.9,87.8,5946.2,PM,2.23,61,71.9,4,51.6,23,43.5,51,24.8,90
53444,NOD,12,5B,F,WT,agouti,18.6,197.9,7627.7,PM,0.9,5.5,20.1,5,50.1,27,47,44,22.5,91
53445,NOD,12,5B,F,WT,agouti,18.8,63.6,5312,PM,0,6.2,21.4,1,23.1,10.8,105.5,42,23.7,99
53460,SWR,6,5B,M,HET,agouti,22.2,166.2,5959,PM,2.24,1.3,68.3,2,27.5,42.8,8.2,42,25.4,143
53461,SWR,6,5B,M,HET,agouti,23.4,187.5,3437.6,PM,0.89,1.3,26.8,3,25,36.2,4.3,61,26.2,107
53463,SWR,6,5B,F,WT,agouti,19.2,116,4788.4,PM,0.89,0,54.5,4,59.3,64.8,39.1,82,23.4,95
53464,SWR,6,5B,F,HET,agouti,19,35.8,3583.2,PM,0.45,1.8,79.5,5,27.4,64.6,11.5,83,21.9,95
53466,C3H,9,5B,M,HET,agouti,23,41.3,4452.4,PM,0,9.3,25,1,51.1,60.3,34.3,71,29.3,120
53467,C3H,9,5B,M,WT,agouti,24.9,92.9,3855.4,PM,0,0.5,73.6,2,47.4,59.4,61,67,31.6,121
53470,C3H,9,5B,F,HET,agouti,20.3,27.6,2636.8,PM,0,0.4,91.3,3,14.7,69.1,8.2,46,24.2,99
53471,C3H,9,5B,F,HET,agouti,18.6,23,3193.2,PM,0,0.4,29.9,4,67.7,60.5,50.4,59,22.6,149
53472,C3H,9,5B,F,HET,agouti,19.2,7.6,1456.2,PM,0.45,0,0,5,45.4,48.3,19.8,54,21.8,122
53473,C3H,9,5B,F,HET,agouti,19.9,6.2,1496.6,PM,0,0.2,72.2,1,76.7,49.2,14.9,82,22,99
53474,C3H,9,5B,F,WT,agouti,20.6,70.7,3350,PM,0,0,56.1,2,68.2,37.6,42.5,47,24.4,100
53475,BALB,10,5B,M,HET,agouti,22.9,53.1,6025.7,PM,0,0,1.3,3,45.3,46.8,64.8,67,25.8,101
53476,BALB,10,5B,M,HET,agouti,24,124.2,5091.8,PM,0,0,0,4,26.3,69.6,34.4,50,26.1,167
53479,BALB,10,5B,F,HET,agouti,15.5,35.7,4785.6,PM,5.8,51.3,82.1,5,54.2,41.8,129.8,53,19.8,102
53480,BALB,10,5B,F,WT,agouti,19.8,83.1,4605.3,PM,0.89,0.5,40.6,1,37.6,14.6,116.8,40,23.4,111
53481,BALB,10,5B,F,HET,agouti,17.2,14.8,2111.1,PM,0.45,5,23.7,2,47.8,26,70.2,41,22.4,100
53482,BALB,10,5B,F,WT,agouti,18.7,127,6554.7,PM,0,71,27.7,3,26.8,10.8,124.1,54,22,104
53483,BALB,10,5B,F,HET,agouti,16.9,26.6,2033.4,PM,3.13,7.8,71,4,69.4,49,130.5,39,20.9,87
53484,BALB,10,5B,F,WT,agouti,19.4,160.9,5670.6,PM,0,10.1,25.4,5,48.9,14.3,89.3,40,23.2,94
53485,AKR,6,5B,M,WT,black,33.2,138.9,7229.3,PM,0,2.7,38.8,1,48.1,14.7,51.1,76,41.5,150
53486,AKR,6,5B,M,WT,black,30.9,164.5,6114.4,PM,0.45,0,1.3,2,58.7,15.3,67,80,38.5,139
53487,AKR,6,5B,M,HET,black,19.3,11.2,2890.4,PM,0.45,1.3,16.5,3,5.2,43.1,46.6,53,26,115
53488,AKR,6,5B,F,WT,black,22.6,114.7,8564.8,PM,2.24,7.8,64.7,4,50.6,22.1,151.9,53,28.2,124
53489,AKR,6,5B,F,HET,black,22.9,46.9,8267.1,PM,1.79,2.9,53.6,5,65.1,17.2,126.1,47,27.3,137
53490,AKR,6,5B,F,WT,black,21,167.5,8012.4,PM,0.45,3.4,18.8,1,65.9,13.3,103,40,27.2,140
53491,AKR,7,5B,F,WT,black,20.7,130.2,5021.4,PM,3.57,29.2,50,2,53.7,11.9,87.5,45,25.6,117
53492,AKR,7,5B,F,WT,black,20.4,274.3,7671.6,PM,0,6.8,37.1,3,58.7,19.7,124.3,51,26,150
53493,AKR,7,5B,F,HET,black,19.9,19.5,5732,PM,0.9,1.6,78.6,4,41.3,20,100.5,50,24.5,89
53494,AKR,7,5B,F,HET,black,19.3,21,3698.5,PM,0,9.7,73.7,5,55.8,12.9,95.2,71,24,111
53495,AKR,7,5B,F,HET,black,20.3,45.4,3249.2,PM,1.8,28.7,61.2,1,39.8,9.9,38.1,60,26.2,98
53502,B6,11,5B,F,WT,black,15.4,206.2,5164.8,PM,9,4.6,12.5,2,72.9,16.2,160.5,44,18.1,134
53503,B6,11,5B,F,WT,black,16.7,83.3,4720.6,PM,1.35,12.3,28.6,3,66.6,21,143.6,39,19.3,113
53504,B6,11,5B,F,HET,black,14,37.5,10644.1,PM,0.9,20.5,78.1,4,2.6,18,27.6,46,18.1,157
53506,B6,11,5B,F,WT,black,17.1,133.2,4779.1,PM,1.34,4.1,58.9,5,69.2,22.9,127.8,66,19.1,143
53507,129,7,5B,M,WT,agouti,24.8,57.4,4805.1,PM,0.44,21.4,56.7,1,40.3,40,105.2,49,29.8,132
53508,129,7,5B,M,WT,agouti,24.1,127.7,5674.3,PM,1.34,1.4,29,2,53,42.1,192.1,43,33.1,140
53509,129,7,5B,M,HET,agouti,22.1,7.3,2088.8,PM,3.56,7.1,1.3,3,33.8,81.8,163.1,42,26,91
53512,BTBR,11,6A,M,HET,black+tan,26.8,3.8,4370.3,AM,1.34,0.5,70.1,1,61.6,30.8,139.6,45,32.2,119
53513,BTBR,11,6A,M,HET,black+tan,28.7,62,4988.6,AM,0,12.6,77.8,2,75.7,50.5,117.6,54,34.9,151
53514,BTBR,11,6A,M,HET,black+tan,28,33.8,10294.6,AM,0,2.3,27.1,3,31.7,102.9,86.5,54,34.7,102
53515,BTBR,11,6A,M,WT,black+tan,30.7,95.6,5435,AM,1.79,31,76.5,4,58.9,89.6,115,67,39.5,120
53516,BTBR,11,6A,M,WT,black+tan,32.1,48,5115,AM,13.39,16.9,61.2,5,60.6,111.8,95.4,79,40,140
53517,BTBR,11,6A,M,WT,black+tan,34,100.7,4126.3,AM,2.68,4.6,54.5,1,51.9,51,119.1,64,46.9,171
53518,BTBR,11,6A,M,HET,black+tan,31,25.9,6229.4,AM,0,8.2,58.5,2,67.8,58.5,119.2,61,39.2,118
53519,LP,3,6A,M,WT,agouti,28.9,151.9,3610.4,AM,2.68,3.7,63.4,3,NA,NA,107.8,71,36.3,120
53520,LP,3,6A,M,WT,agouti,28.9,65.8,3249.1,AM,0,88.8,78.1,4,41.7,14,93.3,64,39,125
53521,RII,7,6A,M,WT,agouti,24.1,146.5,5241.9,AM,6.25,0.4,42.9,5,NA,NA,39,49,28,124
53522,RII,7,6A,M,HET,agouti,23.1,62.3,2057.1,AM,1.34,0.2,33,1,43,97.6,86.1,38,25.2,119
53523,RII,7,6A,M,WT,agouti,23.9,119.8,5284.2,AM,4.02,1.1,46.4,2,66.3,59.6,56,40,28.6,140
53524,RII,7,6A,M,WT,agouti,23.3,145,4286,AM,5.81,1.3,57.4,3,16.6,165,23.6,52,27.8,142
53525,RII,7,6A,F,WT,agouti,18.6,152.3,6626.4,AM,2.68,0,87.1,4,61.2,124,3.4,44,21.4,88
53526,RII,7,6A,F,WT,agouti,18.3,149.6,6096.8,AM,1.79,0.4,70.3,5,35.1,107.6,35.9,41,22.3,90
53527,RII,7,6A,F,WT,agouti,18.2,276.9,6310.7,AM,1.34,2.7,56.5,1,54.6,71.6,62.8,65,19,107
53528,NON,9,6A,M,WT,agouti,32.7,382.6,9365.7,AM,0.45,0.5,10.3,2,45,59.4,63.3,68,45.2,145
53529,NON,9,6A,M,HET,agouti,30.5,77.4,5218.1,AM,0.45,0.5,6.3,3,55.7,34,113.6,65,38.8,142
53530,NON,9,6A,F,WT,agouti,24.8,140.7,6010.5,AM,4.47,6.3,10.8,4,62.8,43.2,95.6,49,29.6,104
53531,NON,9,6A,F,HET,agouti,22.1,56.5,7335.5,AM,0,1.1,39.9,5,55.4,18.2,118.7,52,27.5,119
53532,NON,9,6A,F,HET,agouti,21,82,4364.4,AM,3.13,8.9,63.8,1,12.9,9.8,100.5,71,25.9,104
53533,NON,9,6A,F,WT,agouti,22.2,218,6088.4,AM,0,1.1,20.1,2,47.8,12.1,67.9,38,29.6,140
53534,NON,9,6A,F,WT,agouti,22.8,193.6,3803.6,AM,8.48,0,20.5,3,66.3,33,74.3,53,26.2,102
53535,NON,9,6A,F,HET,agouti,21.8,44.9,4177.9,AM,0.45,1.1,84.4,4,60,40.4,144.3,46,27.6,114
53536,NON,9,6A,F,HET,agouti,21.4,22.7,3717,AM,1.79,29.4,48.2,5,58.2,19.9,68.8,46,26.2,103
53537,MRL,5,6A,F,HET,black,25,103.8,5091.3,AM,0,0.4,23.7,1,18.4,35.9,110.1,51,29.1,84
53538,MRL,5,6A,F,HET,black,24.4,30.2,5748.4,AM,0.45,0.4,41.1,2,58.1,29.5,87.7,39,29.5,105
53541,LP,6,6A,M,HET,agouti,25,32.9,4092,AM,0,4.6,57.1,3,6.3,14.5,187.2,53,31.1,112
53543,LP,6,6A,F,WT,agouti,19.4,29.4,2170.4,AM,0.9,45.7,72.8,4,59.9,19.4,155.1,35,22.9,112
53548,BUB,10,6A,M,WT,black,28.1,141,4679.7,AM,8.93,0.7,88.4,5,69.2,38.6,110.2,44,34.8,110
53549,BUB,10,6A,M,WT,black,29.3,141.5,7471.4,AM,3.57,8,81.7,1,29.5,12.1,53.6,65,35.9,133
53550,BUB,10,6A,M,WT,black,28.3,56,3530.8,AM,0,77.2,92,2,84.5,26.8,82.1,37,34.8,107
53552,BUB,10,6A,F,HET,black,20.1,126.9,4548.5,AM,0,80.8,88,3,53,50,155.1,52,24.8,95
53555,BUB,10,6A,F,HET,black,18.3,145,5271.6,AM,0,5,50.4,4,56,33.2,71.6,41,22.1,127
53556,BUB,10,6A,F,HET,black,18.6,118.5,4958.9,AM,1.34,12.6,54.9,5,41.7,20.1,134.1,45,24.2,117
53557,KK,5,6A,M,WT,black,34,123.2,4926.1,AM,2.23,0.2,78.1,1,55,100.3,113.8,56,42.2,237
53558,KK,5,6A,M,HET,black,31,7.9,4744.6,AM,0.45,0.7,0.4,2,61.4,90.8,127.5,54,39.4,138
53559,KK,5,6A,F,HET,black,22.4,37.1,4808.4,AM,0,35.1,68.8,3,40.1,88.8,34.9,66,29.4,138
53560,KK,5,6A,F,WT,black,26.5,123.6,6057.9,AM,2.68,43.2,80.8,4,54.2,115,161.9,62,37.1,118
53561,KK,5,6A,F,HET,black,24.1,1.5,1676.5,AM,0,0.7,47.8,5,26.1,74.6,50.2,67,30.1,99
53562,DBA,6,6A,M,WT,black,28.5,137,4043.2,AM,0.45,0.9,33.9,1,-1.1,8.2,78.9,96,40.7,140
53563,DBA,6,6A,M,WT,black,27.4,173,5938.5,AM,0.89,0.9,56.7,2,77.6,10.5,86.2,92,39.1,138
53565,MA,7,6A,M,HET,agouti,21.7,128.1,3873.4,AM,5.36,6.8,37.5,3,42.8,15,126.2,36,26.3,115
53566,MA,7,6A,M,WT,agouti,26,100.2,3620.3,AM,0,56.6,51.8,4,59.3,39.8,51.4,48,32.4,134
53568,MA,7,6A,M,WT,agouti,24.6,106.3,6309.3,AM,0.9,3.9,25,5,68.3,22.8,42.6,46,29.9,129
53569,MA,7,6A,F,WT,agouti,17.6,117.8,4911.4,AM,0,3,71,1,43.2,10.2,54.5,59,21.5,122
53570,MA,7,6A,F,HET,agouti,19.6,204.4,3782.2,AM,0.45,1.8,94.2,2,20.8,7.2,46.3,43,21.8,116
53571,MA,7,6A,F,WT,agouti,18.7,83.8,5104.1,AM,0.45,11.9,90.6,3,63,15.9,143.9,45,23.8,103
53572,BKS,9,6B,M,WT,black,23.7,86.8,3797.8,PM,26.87,80.8,68.3,1,82.2,26.5,93.4,44,30.4,107
53573,BKS,9,6B,M,WT,black,24.6,95.3,4056.1,PM,0,50.7,58.9,2,78.6,19,111.3,44,30.9,110
53574,BKS,9,6B,M,HET,black,20.6,18.7,2839.7,PM,0.45,14.2,69.2,3,75.1,24.9,103,40,25.2,115
53575,BKS,9,6B,M,WT,black,19.1,49.8,4258,PM,0,8.4,56.7,4,54.4,25.3,40,64,28.5,135
53576,BKS,9,6B,M,HET,black,23,41.3,4503.7,PM,0,1.6,37.5,5,62.5,15.2,119,45,23.8,117
53577,BKS,9,6B,F,WT,black,18.1,82.4,4083.7,PM,0,15,77.7,1,30.5,10.9,42.5,54,21.7,150
53578,BKS,9,6B,F,HET,black,16.8,41.4,4341.9,PM,0,15.1,21.4,2,28.9,11.6,130,39,18.6,87
53579,BKS,9,6B,F,HET,black,17,34.5,2635.6,PM,0.45,5.7,73.2,3,61.6,23.6,99,34,18.5,108
53580,BKS,9,6B,F,HET,black,17.3,29.7,2320.1,PM,2.71,24.6,64.3,4,48.3,19.5,97.1,31,19.4,102
53582,C3H,7,6B,F,HET,agouti,20.6,4.9,2305.8,PM,0.45,4.1,54.9,5,67.6,93.3,21.4,55,23.9,95
53583,C3H,7,6B,F,WT,agouti,20.3,58.6,4122.4,PM,2.27,5.5,92.9,1,75.4,26.9,70,46,23.4,88
53584,NON,9,6B,M,HET,agouti,28.9,68.4,3089,PM,0,0,12.5,2,39.9,75.5,112.5,54,33.2,125
53585,NON,9,6B,M,WT,agouti,28.2,161.7,2314.3,PM,0,0.4,50.9,3,13.6,101,83.2,44,38.2,160
53586,NON,9,6B,M,HET,agouti,27.1,101.8,3999.6,PM,0,9.8,57.6,4,48.9,105.7,72.1,45,31.7,154
53587,NON,9,6B,M,WT,agouti,30.8,107.7,2915.1,PM,2.24,0.2,48.7,5,44.6,86.1,60.9,55,38.4,125
53591,NON,9,6B,F,WT,agouti,22.4,54.4,2269.6,PM,0,8.7,85.7,1,33.7,62.5,141.4,56,31.8,137
53592,NON,9,6B,F,HET,agouti,20.7,54.6,2360.4,PM,0.45,18.7,79.9,2,63.1,60.1,183.1,39,24.2,91
53593,AJ,6,6B,M,HET,black,28.5,11.3,3741.7,PM,3.14,17.8,94.6,3,43.1,51.4,108.8,48,38.9,130
53594,AJ,6,6B,M,HET,black,29.5,15.6,3102.4,PM,2.69,1.3,82.6,4,81.9,67,83,47,37.5,107
53595,AJ,6,6B,M,WT,black,32.4,66.9,2671.1,PM,1.79,42.4,66.1,5,63,34.9,79.6,45,46.6,107
53596,AJ,6,6B,F,HET,black,22.6,3.9,1236.4,PM,0,81.1,93.8,1,57,15.3,77.4,41,28.7,120
53597,AJ,6,6B,F,WT,black,21.7,31.6,3946.2,PM,3.13,98.6,93.3,2,43,17.2,112.8,45,31.2,105
53598,AJ,6,6B,F,HET,black,18.8,47.2,7758.6,PM,0,4.3,58.9,3,20.6,100,150.6,39,23.1,109
53603,BKS,9,6B,M,WT,black,26.9,68.8,2490.1,PM,0,0,79.5,4,67.7,43.8,59.8,65,30.7,98
53604,BKS,9,6B,M,WT,black,27.2,36.6,3085.9,PM,0.9,8,80.8,5,78.5,63.6,117.5,43,31.2,133
53609,BKS,9,6B,F,WT,black,19.5,26.5,2433.9,PM,0,3.4,67.4,1,68.1,24.8,90.7,64,22.2,110
53610,BKS,9,6B,F,HET,black,18.1,72.9,5203,PM,0,15.8,38.8,2,38.3,10.8,82.2,38,20.7,103
53611,BKS,9,6B,F,WT,black,20,81.2,4847.6,PM,0,70.8,83.9,3,69.9,51.2,67.7,46,22.7,112
53612,BKS,9,6B,M,WT,black,24.2,85.4,3786.7,PM,0.46,0.5,47.3,4,77.7,54.3,21.8,61,25.8,101
53613,BKS,9,6B,M,HET,black,23.3,205.9,4807.2,PM,0,0.5,1.8,5,52.4,15.6,41.2,40,25.4,125
53614,BKS,9,6B,F,WT,black,20.2,51.8,4875.8,PM,3.17,18.9,72.3,1,59.1,18.6,52.5,38,23.1,115
53615,BKS,9,6B,F,HET,black,18.6,109.8,3957.2,PM,0,18,43.8,2,70,13.7,83.7,45,20.7,77
53616,BKS,9,6B,F,WT,black,20.6,53,3441.5,PM,1.37,57,74.1,3,58.3,26.7,59.1,48,23.5,101
53617,PL,5,6B,M,WT,agouti,24.6,146.7,4076.6,PM,0,2.1,6.3,4,70.1,42.3,41.3,89,28.4,139
53618,PL,5,6B,M,WT,agouti,27.2,122.4,4447.2,PM,0.45,6.1,2.7,5,42.9,32.4,31.6,63,30.8,135
53620,PL,5,6B,F,WT,agouti,20.4,29.9,3834.5,PM,0,4.6,4.5,1,30.5,10.1,71.4,50,22.3,110
53621,PL,5,6B,F,WT,agouti,17.1,169.4,4307.7,PM,0,1.1,25.5,2,34.6,18.8,45.6,48,18.6,100
53624,MA,8,6B,M,WT,agouti,24.1,89,5213.7,PM,0.45,2.3,77.3,3,53.2,13.9,58.3,57,27.5,128
53625,MA,8,6B,M,WT,agouti,24.5,128.1,5217.8,PM,1.33,0.2,47.4,4,49.9,11.2,114.6,43,27.8,134
53627,MA,8,6B,F,HET,agouti,18.9,54.1,3844.2,PM,3.11,0.5,82.6,5,76.5,29.3,83.4,45,19.9,112
53628,MA,8,6B,F,WT,agouti,18,135.8,5871.4,PM,2.25,25.8,53.4,1,64,16.3,73.6,36,20.2,104
53629,MA,8,6B,F,HET,agouti,18.9,33.2,3219.5,PM,0,51.8,98.6,2,28.3,8.5,71.5,33,18.9,89
53630,DDY,5,6B,M,WT,black,36.8,56.4,4702.5,PM,2.71,0.7,42.4,3,52.4,110,150,70,44.7,220
53631,DDY,5,6B,M,WT,black,37.5,94.7,5132.8,PM,0,1.1,87.4,4,80.4,179.5,132.4,56,43.6,184
53632,DDY,5,6B,M,WT,black,36.1,72.9,3690.1,PM,0,0.9,72.1,5,61,187.5,125.6,63,43.4,143
53633,DDY,5,6B,M,HET,black,34.4,22.3,3730.8,PM,0,0.4,1.4,1,58.7,80,137.4,35,38.5,142
53638,BKS,8,6B,M,HET,black,21.1,52,3346.2,PM,0,4.8,37.2,2,46,11,69.5,40,24.2,104
53639,BKS,8,6B,M,HET,black,21.3,186.7,3924.1,PM,1.35,2,10.9,3,24.7,21.3,49.2,34,24.2,126
53647,DDY,9,7A,M,HET,black,28.5,34.9,2802.8,AM,3.54,1.3,50.3,1,27.2,56.6,178.9,93,33.7,122
53648,DDY,9,7A,M,WT,black,32.5,130.6,3429.5,AM,1.78,22.1,38.7,2,46.4,59.6,153.6,79,42.3,139
53649,DDY,9,7A,M,HET,black,30.7,50.7,4088.8,AM,1.78,0,56.6,3,8.6,95.2,164,66,40.5,117
53650,DDY,9,7A,M,HET,black,27.7,24.2,3552.6,AM,3.99,2.7,78.3,4,66.1,70.5,144.4,67,32.8,140
53651,DDY,9,7A,M,HET,black,28.6,34.2,3954.3,AM,7.14,0.9,3.4,5,75.6,44.7,206.7,60,32.8,133
53652,DDY,9,7A,M,WT,black,29.2,237.2,5154,AM,0.89,68.7,96.8,1,82.4,52.8,170.9,67,39.1,128
53653,DDY,9,7A,F,HET,black,23.1,69.9,8031.7,AM,1.34,0.2,23.4,2,60.2,93.9,176.2,63,24.6,108
53654,DDY,9,7A,F,HET,black,21.6,18.9,3207.6,AM,0.45,0.5,77.8,3,50.4,66.5,68.8,62,23.8,111
53657,DDY,10,7A,F,WT,black,21,56.5,3042.3,AM,5.8,69.6,73.5,4,67.1,137.9,150,50,23.7,127
53658,DDY,10,7A,F,WT,black,21.9,19.9,4834,AM,5.36,47.9,51.3,5,81.2,28.5,201.9,40,24.6,93
53659,DDY,10,7A,F,WT,black,20.6,69.2,5820.4,AM,0.45,36.8,16.9,1,68.5,30,191.8,36,23.6,101
53660,DDY,6,7A,F,HET,black,22.7,34.1,3544.8,AM,1.34,4.3,45.9,2,54.3,17,191.4,41,24.1,120
53661,DDY,6,7A,F,HET,black,20.2,24.2,5599.4,AM,4.02,1.1,95.6,3,53.5,64,31.3,44,23.5,112
53662,DDY,6,7A,F,HET,black,21.6,9.6,2940.8,AM,3.58,0,42.4,4,57.3,56.8,98.5,46,23.6,113
53663,DDY,6,7A,F,WT,black,21.5,94.2,4329.9,AM,1.79,0.4,58.9,5,82.1,66,94.6,53,25.7,103
53667,MA,9,7A,F,HET,agouti,16.9,56.2,4894.1,AM,0,8,70.8,1,12,6.4,66.5,42,19.2,106
53668,MA,9,7A,F,WT,agouti,17,90.9,5952.4,AM,3.13,0,43.2,2,36.5,5.2,163.9,33,20.1,89
53669,MA,9,7A,F,WT,agouti,18.3,173.7,4125.9,AM,0,1.8,48.2,3,27,11.7,25.4,33,20.6,121
53670,C58,5,7A,M,HET,black,22.8,163.3,11725.6,AM,0,0.4,3.3,4,47.2,17.1,31.2,66,27.5,137
53671,C58,5,7A,M,WT,black,24.4,251.8,8009.3,AM,0.9,0.7,4.3,5,46.5,13.5,14.2,51,30,104
53672,C58,5,7A,F,WT,black,19.8,134.2,8402.9,AM,4.47,4.8,66.8,1,43.1,8.9,108.5,56,23.3,112
53673,C58,5,7A,F,WT,black,18,102.5,5647.8,AM,0.89,0.5,4.5,2,57.7,9.3,44.9,56,20.9,81
53674,C58,5,7A,F,WT,black,19.6,126.8,6991.3,AM,2.68,0.2,12.9,3,47.8,12.7,7.6,41,22.1,98
53675,129,3,7A,F,HET,agouti,21.1,2.8,1503.3,AM,2.68,0.2,88.9,4,57.7,164.3,119.7,41,21,62
53676,129,3,7A,F,HET,agouti,19.7,25.9,3091,AM,3.13,4.3,83.5,5,57.7,90.7,171.7,42,21.4,101
53677,129,3,7A,F,HET,agouti,19.5,20.2,29.5,AM,0,30.3,32,1,55.3,55.1,134.2,32,21,89
53678,57L,7,7A,M,HET,black,25.1,50.4,5388.8,AM,0,0,13.3,2,75.8,37.6,62.6,46,29,150
53679,57L,7,7A,M,HET,black,25.4,41.8,4992.3,AM,0,5.7,56.9,3,34.3,71.5,115.2,48,30.6,124
53680,57L,7,7A,M,WT,black,26.4,164.6,3200.9,AM,0,3.2,58.8,4,79.9,91.2,152.5,34,28.9,93
53683,57L,7,7A,F,WT,black,20.1,176.7,5902.9,AM,8.48,2.7,66.5,5,40.9,15.2,197,68,22.6,108
53684,57L,7,7A,F,HET,black,19.1,37.9,5329.2,AM,0,1.8,91.9,1,31.4,25.8,74.8,63,21.6,134
53685,CBA,5,7A,M,WT,agouti,22.8,207.9,5443.8,AM,0.45,0,4.3,2,55.6,53,47,64,28.7,119
53686,CBA,5,7A,M,HET,agouti,21.1,128.5,5001.5,AM,1.34,0.5,14.2,3,40.3,70.3,45.3,38,24.8,102
53687,CBA,5,7A,M,HET,agouti,22,117.3,4538,AM,0,0.7,1.2,4,26.9,134.1,6.8,58,28.2,138
53692,MA,8,7A,F,HET,agouti,17.8,17.2,3130.7,AM,3.13,0.5,80.5,5,42.2,18,58.3,39,21.1,103
53693,MA,8,7A,F,WT,agouti,17.9,81.6,3529.7,AM,3.13,12.5,58.7,1,41.6,11.4,137.6,45,20.4,93
53696,CBA,5,7A,F,HET,agouti,21.3,34.9,4011.4,AM,2.68,1.8,32.4,2,56,44.3,90.5,35,23.2,119
53697,CBA,5,7A,F,WT,agouti,20.7,219.4,4854.4,AM,0.45,10.9,86.1,3,40.8,61.5,88.2,33,23.6,121
53698,CBA,5,7A,F,WT,agouti,23,91.7,5930.1,AM,2.23,1.3,14.1,4,56.3,72.4,53.7,58,26.2,122
53699,129,9,7A,F,WT,agouti,19.4,111.5,3210.4,AM,3.13,0.5,92.5,5,56.7,129.9,98.2,34,21.2,116
52401,129,9,7A,F,WT,agouti,19.7,24,4377.3,AM,0.45,6.2,84.8,1,39.2,57.5,140.8,49,21.5,149
52402,AJ,2,7A,M,HET,black,30,2.5,2449.6,AM,0,2,54.7,2,61.4,37.8,140.7,49,36.7,126
52403,AJ,2,7A,M,WT,black,33.7,51.8,3870.2,AM,0.45,9.3,35.7,3,49.1,20.5,58.3,65,42.7,83
52405,CBA,8,7B,M,WT,agouti,23.8,180.4,4807.5,AM,0,21.4,1.3,1,55.2,86.5,85.2,49,28.2,128
52406,PL,4,7B,M,HET,agouti,24.8,93.6,3658.5,AM,0,0.9,5.8,2,37.1,6.2,25.4,49,27.9,144
52407,PL,4,7B,M,HET,agouti,24.3,80.9,4626.6,AM,1.04,2,40,3,NA,NA,8.2,48,27.2,118
52408,129,7,7B,F,WT,agouti,20.5,62.8,2499.4,AM,0,59.6,35.8,4,60.5,66,129.6,44,22,90
52409,129,7,7B,F,WT,agouti,19.4,81.9,5569.5,AM,0.9,95.6,100,5,54.8,103,140.6,40,21.4,127
52410,129,7,7B,F,WT,agouti,18.7,83.7,4504.2,AM,0.9,78.7,66.7,1,60.4,62.7,103.6,47,20.8,129
52411,129,7,7B,F,WT,agouti,18.7,176.3,6982.6,AM,2.68,57.7,81.1,2,53,33.2,170.4,41,21.2,165
52412,129,7,7B,F,HET,agouti,20.1,16,2734.5,AM,0,28.7,78.2,3,NA,NA,156.7,39,22.2,144
52415,LP,6,7B,M,HET,agouti,25.6,27.2,3313.8,AM,0,5.9,6.9,4,56.8,19.1,175.2,47,30.4,128
52416,LP,6,7B,M,WT,agouti,28,49.1,2891.4,AM,1.41,2.7,74.1,5,54.2,24.4,117.6,46,32.4,121
52417,LP,6,7B,F,WT,agouti,19.7,56.9,2980.3,AM,0.93,17.6,40,1,21.5,6.2,119.2,60,20.1,117
52418,LP,6,7B,F,HET,agouti,22.4,21.7,862.2,AM,0,86.1,78.8,2,69.1,18.8,182.2,37,23.3,122
52419,PL,4,7B,M,HET,agouti,26.4,22.3,4430.2,AM,0,10,NA,3,NA,NA,45.6,55,28.8,141
52422,C58,4,7B,M,HET,black,24.5,32.5,7390.2,AM,2.24,3,NA,4,65,14.2,64.1,54,27.3,92
52423,C58,4,7B,M,WT,black,28.9,196.3,10417,AM,0,0.7,NA,5,NA,NA,57.3,69,33.8,145
52424,C58,4,7B,F,HET,black,19.9,15.6,5538.8,AM,0,1.6,NA,1,37.6,10.9,11.7,63,23.6,91
52425,C58,4,7B,F,WT,black,20.3,153.8,7646.5,AM,0,3,NA,2,60.5,8.8,114.5,58,21.7,92
52426,C58,4,7B,M,HET,black,23.8,128.1,12058.2,AM,0,0.9,NA,3,NA,NA,37.1,46,29.2,109
52427,C58,4,7B,M,HET,black,24.4,81.8,9955.6,AM,3.57,0.7,NA,4,26.9,13.5,36.1,60,31.6,127
52428,C58,4,7B,M,WT,black,27.3,174.1,10719,AM,0,1.1,NA,5,47.8,8.6,17.9,47,35.9,188
52429,C58,4,7B,M,WT,black,27.5,137.6,11140.1,AM,0.45,1.3,44.3,1,60,9.7,52.8,47,35.3,152
52433,SM,5,7B,F,WT,black,16.8,98.9,8765.7,AM,0.45,11.7,74,2,46.8,40.5,6.7,69,20.1,104
52434,SM,5,7B,F,WT,agouti,18.1,172.8,7414.8,AM,0,0.9,64.3,3,NA,NA,88.1,53,22.5,147
52435,AJ,3,7B,F,HET,black,20.7,6.6,4540.5,AM,0,72.2,36.6,4,37,14.7,88.8,34,25,122
52436,AJ,3,7B,F,HET,black,20.1,52.8,4616.2,AM,0,0.5,54.9,5,51.3,73.2,128.9,38,24.8,137
52437,AJ,3,7B,F,HET,black,17.8,16.4,4482.2,AM,0.92,33.5,32.2,1,-10.5,20,107.7,38,20.7,128
52438,SM,3,8A,F,HET,agouti,18,120.5,7305.3,AM,0.45,0.2,86.6,1,49.3,62,77.4,61,21.7,120
52439,SM,3,8A,F,HET,agouti,17.4,24.9,5432.9,AM,0,1.1,91.5,2,46.3,37,106.7,45,22.8,110
52440,SM,3,8A,F,HET,agouti,17.5,64.4,14204.7,AM,1.79,15.7,50.3,4,30.4,69.3,45.8,60,23.4,136
52442,57L,8,8A,F,HET,black,18.2,129.8,5851.8,AM,0,0,83.9,5,-1.6,15.8,71.6,62,20.7,101
52444,57L,6,8A,F,HET,black,20.1,107.7,5522.9,AM,0,2,24.7,1,11.8,5.5,124.4,39,22.3,85
52446,57L,6,8A,F,HET,black,17.9,224.6,7357.8,AM,0,11,45.7,2,0.1,5.1,56.5,56,20.2,98
